Date,Units Produced,Defects,Material Cost Per Unit,Labour Cost Per Unit,Energy Consumption Cost,Unit Price
01-01-2020,142,3,38.68,15.38,413.97,60
02-01-2020,170,4,21.35,25.36,181.16,60
03-01-2020,182,4,47.54,16.46,452.15,60
04-01-2020,133,,40.21,28.7,485.78,60
05-01-2020,82,,38.02,17.2,315.58,60
06-01-2020,81,0,10.66,23.25,440.42,60
07-01-2020,78,8,37.66,26.62,367.89,60
08-01-2020,151,5,30.99,27.86,197.62,60
09-01-2020,72,9,16.92,28.3,467.34,60
10-01-2020,189,7,33.47,23.33,411.71,60
11-01-2020,124,2,14.22,18.58,456.52,60
12-01-2020,188,8,29.45,18.05,245.14,60
13-01-2020,172,8,17.66,21.72,281.45,60
14-01-2020,70,6,10.42,24.44,215.36,60
15-01-2020,55,1,24.82,27.92,234.33,60
16-01-2020,136,6,24.74,22.55,204.39,60
17-01-2020,152,4,30.65,25.52,390.9,60
18-01-2020,120,5,48.47,25.35,251.57,60
19-01-2020,158,8,13.18,16.77,392.66,60
20-01-2020,85,2,18.96,27.23,369.77,60
21-01-2020,64,2,28.02,21.45,322.07,60
22-01-2020,58,2,23.97,15.85,368.7,60
23-01-2020,96,8,32.58,23.54,321.45,60
24-01-2020,135,2,42.16,28.61,387.81,60
25-01-2020,188,5,26.73,26.39,230.6,60
26-01-2020,66,3,22.37,16.8,412.53,60
27-01-2020,122,9,19.12,27,219.41,60
28-01-2020,83,4,41.52,15.68,491.62,60
29-01-2020,95,3,13.7,23.63,254.49,60
30-01-2020,132,2,29.43,16.73,105.2,60
31-01-2020,143,6,24.93,24.03,286.19,60
01-02-2020,79,9,35.31,17.29,482.31,60
02-02-2020,189,7,60,28.41,353.47,60
03-02-2020,149,0,23.87,24.78,140.89,60
04-02-2020,56,4,14.23,21.59,143.2,60
05-02-2020,167,9,15.45,28.61,279.58,60
06-02-2020,115,6,37.25,17.59,190.21,60
07-02-2020,198,1,29.72,28.17,341.84,60
08-02-2020,140,5,41.54,16.7,473.59,60
09-02-2020,50,2,47.01,26.58,486.39,60
10-02-2020,127,0,36.99,17.14,468.49,60
11-02-2020,98,9,46.48,17.31,218.47,60
12-02-2020,136,0,11.1,27.92,490.66,60
13-02-2020,101,9,31.5,21.72,223.19,60
14-02-2020,117,,20.68,18.82,350.41,60
15-02-2020,110,9,17.87,24.88,456.22,60
16-02-2020,187,8,21.21,27.92,363.48,60
17-02-2020,59,9,42.78,21.23,498.63,60
18-02-2020,135,,35.2,19.29,239.71,60
19-02-2020,100,7,41.08,19.15,147.78,60
20-02-2020,126,3,29.99,25.24,188.12,60
21-02-2020,88,,20.69,25.6,173.65,60
22-02-2020,143,4,28.73,28.7,461.44,60
23-02-2020,62,2,18.59,15.32,286.34,60
24-02-2020,91,3,49.66,17.06,306.31,60
25-02-2020,75,9,40.92,23.84,169.19,60
26-02-2020,108,4,12.5,19.41,185.71,60
27-02-2020,152,,49.92,21.75,419.84,60
28-02-2020,76,9,15.99,28.91,373.15,60
29-02-2020,106,4,36.33,16.45,231.71,60
01-03-2020,181,3,25.17,24.72,418.19,60
02-03-2020,101,3,31.75,27.06,121.48,60
03-03-2020,148,8,38.57,16.81,128.27,60
04-03-2020,88,,22.09,24.7,135.4,60
05-03-2020,178,,14.09,27.47,381.39,60
06-03-2020,65,5,36.28,18.1,338.35,60
07-03-2020,94,1,11.02,17.02,444.71,60
08-03-2020,71,8,19,15.98,487.45,60
09-03-2020,172,3,10.35,25.93,236.41,60
10-03-2020,127,2,39.41,21.21,351.51,60
11-03-2020,180,8,45.3,22.49,448.17,60
12-03-2020,87,,22.99,16.48,193.28,60
13-03-2020,51,,22.59,16.74,138.24,60
14-03-2020,170,2,13.9,25.11,493.13,60
15-03-2020,103,1,11.7,21.19,459.79,60
16-03-2020,157,8,19.43,27.61,344.01,60
17-03-2020,122,7,44.38,26.81,104.12,60
18-03-2020,91,4,34.08,26.78,190.48,60
19-03-2020,91,,10.45,27.91,378.27,60
20-03-2020,69,0,34.38,27.71,244,60
21-03-2020,70,5,12.02,23.15,327.55,60
22-03-2020,183,9,26.74,19.31,122.24,60
23-03-2020,142,0,47.38,23.44,319.46,60
24-03-2020,71,9,35.1,18.55,157.43,60
25-03-2020,148,,34.48,17.88,142.2,60
26-03-2020,136,7,36.98,22.59,295.71,60
27-03-2020,78,4,15.56,24.34,305.27,60
28-03-2020,89,,13.73,21.76,460.33,60
29-03-2020,169,6,24.9,27.09,495.44,60
30-03-2020,76,8,17.58,23.76,143.47,60
31-03-2020,192,1,10.93,29.67,226.29,60
01-04-2020,148,1,23.61,17.55,394.34,60
02-04-2020,140,0,29.89,19.68,363.02,60
03-04-2020,189,6,12.01,16.06,132.35,60
04-04-2020,159,6,48.88,22.49,123.51,60
05-04-2020,90,3,40.61,15.75,265.9,60
06-04-2020,121,4,39.51,24.77,298.71,60
07-04-2020,147,5,45.21,18.75,328.92,60
08-04-2020,149,9,33.61,26.33,355.43,60
09-04-2020,164,6,27.53,15.6,292.76,60
10-04-2020,130,6,29.38,20.05,387.21,60
11-04-2020,74,,17.88,28.97,146.86,60
12-04-2020,159,4,60,16.03,396.75,60
13-04-2020,194,8,41.91,28.13,347.7,60
14-04-2020,158,5,30.09,19.96,103.71,60
15-04-2020,189,9,17.34,15.57,288.64,60
16-04-2020,183,0,44.49,28.5,240.62,60
17-04-2020,186,9,36,21.44,201.4,60
18-04-2020,95,7,33.94,21.52,122.05,60
19-04-2020,71,1,48.77,25.33,490.93,60
20-04-2020,104,8,47.01,22.03,211.91,60
21-04-2020,52,3,15.86,26.65,283.28,60
22-04-2020,139,1,39.69,23.51,137.69,60
23-04-2020,83,7,46.14,19.77,418.75,60
24-04-2020,169,,44.47,24.58,109.49,60
25-04-2020,53,8,45.56,16.31,336,60
26-04-2020,51,20,42.25,22.38,210.64,60
27-04-2020,107,3,49.55,20.11,238.15,60
28-04-2020,149,0,20.91,21.04,309.98,60
29-04-2020,190,0,16.37,25.12,287.55,60
30-04-2020,86,5,13.03,17.43,264.34,60
01-05-2020,186,6,42.95,15.52,350.57,60
02-05-2020,185,3,28.11,28.13,319.36,60
03-05-2020,146,7,20.32,27.79,232.44,60
04-05-2020,79,6,37.09,28.79,175.43,60
05-05-2020,146,1,10.03,25.64,162.41,60
06-05-2020,130,4,17.87,28.26,114.68,60
07-05-2020,173,7,25.14,19.85,278.02,60
08-05-2020,158,,18.49,17.25,169.9,60
09-05-2020,71,7,23.7,25.42,452.87,60
10-05-2020,117,6,16.62,20.29,269,60
11-05-2020,165,4,10.16,19.1,350.61,60
12-05-2020,193,0,29.85,23.88,224.71,60
13-05-2020,102,4,12.82,17.17,203.73,60
14-05-2020,56,7,38.81,23.89,426.5,60
15-05-2020,94,5,12.46,28.1,247.73,60
16-05-2020,131,6,40.66,25.33,138.14,60
17-05-2020,124,1,12.46,22.65,229.39,60
18-05-2020,143,4,48.93,22.3,147.61,60
19-05-2020,80,4,24.46,19.78,285.32,60
20-05-2020,128,8,22,26.39,217.05,60
21-05-2020,106,2,22.22,29.02,428.12,60
22-05-2020,62,4,19.67,22.12,126.14,60
23-05-2020,56,1,17.09,28.25,493.79,60
24-05-2020,145,0,43.18,15.34,418.21,60
25-05-2020,100,3,28.45,17.85,366.58,60
26-05-2020,175,1,13.99,15.78,121.22,60
27-05-2020,133,8,42.75,23.02,491.93,60
28-05-2020,160,3,44.43,19.95,404.41,60
29-05-2020,131,2,46.94,27.63,280.61,60
30-05-2020,174,0,11.87,25.23,431.5,60
31-05-2020,106,5,28.97,24.29,235.36,60
01-06-2020,63,,34.18,16.88,263.37,60
02-06-2020,105,2,60,19.17,368.74,60
03-06-2020,195,1,34.81,25.88,468.9,60
04-06-2020,172,1,28.31,18.03,467.77,60
05-06-2020,146,3,40.54,25.49,194.47,60
06-06-2020,103,5,28.53,28.51,356.8,60
07-06-2020,102,,21.42,28.05,453.75,60
08-06-2020,143,1,33.35,15.45,141.52,60
09-06-2020,67,8,30.45,28.21,174.3,60
10-06-2020,180,7,29.51,19.37,414.5,60
11-06-2020,179,7,17.67,21.53,324.91,60
12-06-2020,165,,43.82,22.96,122.57,60
13-06-2020,188,9,12.28,21.16,313.82,60
14-06-2020,51,2,12.14,24.43,468.59,60
15-06-2020,144,3,15.6,27.52,173.16,60
16-06-2020,146,6,14.48,25.44,127.38,60
17-06-2020,180,5,45.31,18.58,478.57,60
18-06-2020,109,2,41.61,28.78,251.93,60
19-06-2020,105,,21.39,25.42,410.52,60
20-06-2020,178,0,20.62,17.05,342.55,60
21-06-2020,61,2,26.22,25.95,174.91,60
22-06-2020,161,0,30.85,15.51,180.66,60
23-06-2020,182,2,23.23,24.37,397.07,60
24-06-2020,120,8,46.22,28.87,353.8,60
25-06-2020,107,1,11.93,23.62,105.96,60
26-06-2020,67,1,48.45,19.6,298.09,60
27-06-2020,86,1,32.78,29.82,467.53,60
28-06-2020,195,1,47.8,27.13,313,60
29-06-2020,104,0,37.83,18.72,111.19,60
30-06-2020,123,0,16.07,16.08,295.73,60
01-07-2020,105,,37.74,29.49,118.1,60
02-07-2020,109,7,48.75,15.53,281.12,60
03-07-2020,143,3,30,25.15,394.89,60
04-07-2020,127,6,45.11,29.75,152.41,60
05-07-2020,134,6,49.6,18.67,236.4,60
06-07-2020,96,8,23.54,28.89,179.6,60
07-07-2020,198,7,26.5,21.32,257.42,60
08-07-2020,145,6,21,18.53,159.83,60
09-07-2020,107,1,47.01,16.23,208.75,60
10-07-2020,125,3,35.06,24.02,153.81,60
11-07-2020,169,0,40.29,25.43,264.97,60
12-07-2020,195,5,17.97,24.68,288.63,60
13-07-2020,96,5,27.17,24.08,334.82,60
14-07-2020,199,6,35.48,24.32,402.63,60
15-07-2020,94,,39.44,22.69,141.57,60
16-07-2020,104,7,36.28,18.21,447.69,60
17-07-2020,157,7,38.39,24.08,379.87,60
18-07-2020,156,30,34.63,28.31,143.18,60
19-07-2020,65,0,17.77,15.26,251.81,60
20-07-2020,147,3,31.83,29.74,251.25,60
21-07-2020,111,0,45.78,29.59,381.65,60
22-07-2020,185,3,14.85,19,159.93,60
23-07-2020,138,2,19.46,21.36,124.6,60
24-07-2020,135,7,27.62,23.48,110.01,60
25-07-2020,129,1,12.93,27.68,446.97,60
26-07-2020,197,2,25.16,15.91,347.53,60
27-07-2020,105,8,26.68,18.4,108.24,60
28-07-2020,132,8,42.87,24.9,474.81,60
29-07-2020,130,5,49.41,15.92,143.36,60
30-07-2020,144,2,17.6,28.39,399.47,60
31-07-2020,185,4,18.34,28.29,441.87,60
01-08-2020,165,5,46.47,16.48,359.91,60
02-08-2020,50,9,45.61,21.23,128.37,60
03-08-2020,141,,48.5,22.65,326.71,60
04-08-2020,166,0,43.63,24.73,281.16,60
05-08-2020,162,9,31.87,23.13,403.59,60
06-08-2020,139,7,33.07,15.02,207.51,60
07-08-2020,114,,27.09,16.94,378.18,60
08-08-2020,173,2,10.43,27.49,181.05,60
09-08-2020,108,9,29.8,26.82,383.5,60
10-08-2020,90,,45.17,15.26,204.94,60
11-08-2020,187,,14.35,15.22,494.78,60
12-08-2020,194,6,18.35,27.77,470.34,60
13-08-2020,165,8,16.96,20.42,303.07,60
14-08-2020,63,1,10.48,21.1,380.64,60
15-08-2020,133,0,15.56,29.16,425.91,60
16-08-2020,65,9,28.13,28.46,373.13,60
17-08-2020,181,5,42.2,20.86,425.45,60
18-08-2020,67,3,11.61,26.98,223.43,60
19-08-2020,53,0,26.84,21.8,148.59,60
20-08-2020,190,2,43.79,21.45,149.43,60
21-08-2020,103,2,47.03,15.29,357.69,60
22-08-2020,70,8,13.09,26.9,287.89,60
23-08-2020,190,4,36.55,27.12,427.49,60
24-08-2020,134,,37.63,26.47,123.44,60
25-08-2020,128,3,48.73,29.48,318.18,60
26-08-2020,80,0,11.25,15.72,163.52,60
27-08-2020,54,4,42.09,29.5,381.83,60
28-08-2020,134,0,34.61,27.88,229.7,60
29-08-2020,134,8,12.84,16.76,195.23,60
30-08-2020,58,7,23.61,15.63,103.24,60
31-08-2020,94,9,31.98,15.31,304.69,60
01-09-2020,186,5,12.12,16.75,341.21,60
02-09-2020,186,4,38.23,27.29,379.3,60
03-09-2020,71,8,44.96,20.55,494.81,60
04-09-2020,53,,31.91,24.32,326.2,60
05-09-2020,150,4,37.23,20.91,360.91,60
06-09-2020,193,7,35.18,23.58,336.84,60
07-09-2020,64,3,12.32,19.17,375.33,60
08-09-2020,57,1,22.82,28.48,468.72,60
09-09-2020,123,8,43.67,24.28,486.36,60
10-09-2020,64,1,41.4,21.98,332.49,60
11-09-2020,159,9,23.72,19.16,335.39,60
12-09-2020,90,2,30.83,19.45,431.89,60
13-09-2020,141,3,47.18,25.44,106.32,60
14-09-2020,126,2,49.19,21.15,177.15,60
15-09-2020,82,2,42.18,23.47,170.08,60
16-09-2020,64,6,21.07,29.81,128.88,60
17-09-2020,68,0,14,19.74,243.92,60
18-09-2020,161,7,45.85,21.14,400.81,60
19-09-2020,138,3,36.43,19.82,338.18,60
20-09-2020,136,8,43.44,16.35,207.04,60
21-09-2020,59,,13.09,29.1,456.68,60
22-09-2020,110,1,32.52,26.25,224.96,60
23-09-2020,80,6,44.96,24.2,309.31,60
24-09-2020,179,6,12.45,15.36,117.24,60
25-09-2020,188,1,47.27,27.5,436.37,60
26-09-2020,88,4,36.33,16.08,490.93,60
27-09-2020,99,2,24.73,16.93,456.49,60
28-09-2020,183,4,37.07,16.31,263.45,60
29-09-2020,189,,38.57,17.2,162.76,60
30-09-2020,142,0,35.45,24.56,221.06,60
01-10-2020,97,5,39.07,16.22,466.49,60
02-10-2020,105,5,15.33,24.52,489.59,60
03-10-2020,187,2,31.55,26.65,123.95,60
04-10-2020,186,2,22.63,21.87,152.92,60
05-10-2020,151,2,15.16,24.58,428.42,60
06-10-2020,199,9,38.21,20.31,168.74,60
07-10-2020,169,8,34.03,26.21,254.73,60
08-10-2020,110,0,49.98,29.8,114.59,60
09-10-2020,80,4,43.56,20.1,182.99,60
10-10-2020,162,8,26.34,24.14,170.83,60
11-10-2020,56,,41.18,29.57,426.55,60
12-10-2020,71,8,17.44,15.48,123.91,60
13-10-2020,168,9,28.81,19.19,338.36,60
14-10-2020,70,8,26.14,17.41,333.72,60
15-10-2020,96,1,34.43,24.13,479.65,60
16-10-2020,115,2,42.19,17.66,139.95,60
17-10-2020,142,8,28.47,19.71,356.75,60
18-10-2020,114,1,44.59,21.51,403.97,60
19-10-2020,155,0,40.12,15.81,103.27,60
20-10-2020,134,0,20.81,19.45,359.05,60
21-10-2020,194,8,31.31,18.39,145.9,60
22-10-2020,99,4,44.02,21.45,352.07,60
23-10-2020,113,,40.14,29.97,214.71,60
24-10-2020,97,9,42.83,29.97,143.82,60
25-10-2020,62,4,20.32,17.75,282.32,60
26-10-2020,194,4,41.2,25.74,349.31,60
27-10-2020,123,,26.23,28.37,226.78,60
28-10-2020,133,,48.4,22.8,310.94,60
29-10-2020,144,1,28.64,26.1,247.74,60
30-10-2020,74,5,45.88,21.22,475.74,60
31-10-2020,69,4,36.52,23.98,338.37,60
01-11-2020,168,1,47.33,21.92,229.91,60
02-11-2020,108,9,32.63,19.53,186.86,60
03-11-2020,70,1,19.5,17.2,331,60
04-11-2020,176,0,36.09,19.38,492.17,60
05-11-2020,133,1,20.27,28.21,291.65,60
06-11-2020,82,2,44.03,28.52,464.68,60
07-11-2020,143,9,13.43,27.92,312.08,60
08-11-2020,105,1,19.59,19.38,421.62,60
09-11-2020,183,8,41.34,28.41,335.89,60
10-11-2020,61,4,26.7,17.39,333.88,60
11-11-2020,106,0,16.35,27.87,268.56,60
12-11-2020,148,0,49.77,19.12,374.75,60
13-11-2020,141,6,28.26,24.8,297.58,60
14-11-2020,124,6,29.12,26.28,437.99,60
15-11-2020,110,8,24.11,16.16,468.95,60
16-11-2020,54,8,12.64,19.34,296.53,60
17-11-2020,149,8,19.68,24.43,205.24,60
18-11-2020,148,1,21.21,24.01,279.89,60
19-11-2020,134,3,32.85,28.3,381.68,60
20-11-2020,181,6,47.45,24.74,301.07,60
21-11-2020,132,0,15.59,18.06,258.52,60
22-11-2020,150,0,48.99,26.73,110.76,60
23-11-2020,62,8,28.96,29.37,173.48,60
24-11-2020,52,4,33.32,24.76,436.36,60
25-11-2020,120,1,60,21.99,405.71,60
26-11-2020,132,9,44.04,27.13,133.49,60
27-11-2020,64,8,44.69,21.85,142.48,60
28-11-2020,196,5,40.13,17.27,473.54,60
29-11-2020,64,4,15.81,16.23,418.99,60
30-11-2020,156,2,26.18,20.96,262.44,60
01-12-2020,104,2,48.22,25.65,489.06,60
02-12-2020,107,7,26.88,25.43,489.21,60
03-12-2020,130,5,23.95,22.98,499.09,60
04-12-2020,135,6,13.42,21.57,251.93,60
05-12-2020,160,,13.19,24.92,313.14,60
06-12-2020,157,5,27.3,29.4,360.41,60
07-12-2020,158,2,31.62,19.33,427.39,60
08-12-2020,80,8,42.99,23.41,177.71,60
09-12-2020,68,4,46.29,27.68,230.9,60
10-12-2020,145,,25.99,18.9,242.97,60
11-12-2020,165,6,43.74,18.89,433.86,60
12-12-2020,133,7,31.75,28.23,291.09,60
13-12-2020,122,2,48.91,29.43,331.54,60
14-12-2020,160,3,47.17,25.27,412.83,60
15-12-2020,186,0,38.53,24.67,354.95,60
16-12-2020,187,9,17.57,22.9,465.54,60
17-12-2020,97,0,46.99,26.72,161.5,60
18-12-2020,144,7,14.67,29.48,288.62,60
19-12-2020,149,4,42.73,20.75,255.15,60
20-12-2020,146,6,29.77,19.38,426.36,60
21-12-2020,72,5,34.46,29.6,292.95,60
22-12-2020,155,9,44.85,22.59,468.49,60
23-12-2020,126,6,41.72,17.61,212.21,60
24-12-2020,74,9,12.34,28.22,198.56,60
25-12-2020,75,6,24.8,16.57,334.59,60
26-12-2020,76,,48.82,22.77,119.87,60
27-12-2020,81,6,24.24,26.38,364,60
28-12-2020,63,8,42.22,28.19,406.67,60
29-12-2020,175,7,39.14,16.23,205.01,60
30-12-2020,151,0,48.24,25.17,242.64,60
31-12-2020,138,9,47.99,27.12,366.07,60
01-01-2021,79,1,28.29,24.35,322.95,65
02-01-2021,177,6,19.12,18.84,351.09,65
03-01-2021,168,8,22.04,25.21,324.09,65
04-01-2021,185,2,21.78,28.58,299.08,65
05-01-2021,118,2,35.2,28.94,112.07,65
06-01-2021,63,1,24.68,25.68,248.9,65
07-01-2021,110,0,44.73,18.4,341.52,65
08-01-2021,162,4,22.07,18.31,419.75,65
09-01-2021,70,0,49.6,20.46,445.04,65
10-01-2021,78,5,36.51,17.84,244.7,65
11-01-2021,122,,24.23,18.53,379.78,65
12-01-2021,155,9,33.44,18.32,132.98,65
13-01-2021,140,5,24.47,16.52,244.87,65
14-01-2021,186,3,30.61,22.94,163.68,65
15-01-2021,145,9,31.04,19.17,288.01,65
16-01-2021,154,,40.61,29.92,356.14,65
17-01-2021,123,1,27.87,21.29,476.43,65
18-01-2021,106,5,47.95,24.54,437.79,65
19-01-2021,77,4,13.94,29.25,165.7,65
20-01-2021,78,9,22.84,26.93,405.21,65
21-01-2021,166,5,39.88,27.2,331.15,65
22-01-2021,100,7,33.85,29.06,427.73,65
23-01-2021,146,8,14.96,27.7,290.74,65
24-01-2021,90,1,42.55,28.39,180.67,65
25-01-2021,68,15,36.56,28.68,131,65
26-01-2021,72,,33.36,22.41,206.52,65
27-01-2021,117,8,45.04,17.4,177.66,65
28-01-2021,77,2,43.37,27.47,344.03,65
29-01-2021,123,,22.64,27.63,357.85,65
30-01-2021,168,8,31.79,23.71,276.75,65
31-01-2021,121,3,44.37,26.7,282,65
01-02-2021,83,0,12.59,28.7,446.46,65
02-02-2021,195,,23.14,22.99,157.68,65
03-02-2021,82,0,25.54,22.93,143.4,65
04-02-2021,104,,20.89,28.58,128.84,65
05-02-2021,131,2,30.34,23.16,290.33,65
06-02-2021,79,8,41.85,27.28,412.37,65
07-02-2021,52,3,29.18,27.46,367.86,65
08-02-2021,199,8,11.71,19.78,135.28,65
09-02-2021,193,7,44.15,29.96,301.68,65
10-02-2021,186,0,18.2,27.6,116.37,65
11-02-2021,129,6,27.26,26.01,150.94,65
12-02-2021,88,5,10.82,20.79,183.68,65
13-02-2021,175,9,27.58,17.5,271.39,65
14-02-2021,112,5,24.99,20.11,246.52,65
15-02-2021,150,4,21.56,16.34,372.38,65
16-02-2021,174,9,47.49,27.99,404.31,65
17-02-2021,172,5,37.13,26.47,462.9,65
18-02-2021,165,,46.62,18.6,342.88,65
19-02-2021,172,,28.67,18.04,203.88,65
20-02-2021,192,8,30.64,18.74,304.2,65
21-02-2021,74,2,47.95,21.26,355.72,65
22-02-2021,80,9,28.31,22.33,173.5,65
23-02-2021,109,2,11.24,16.25,266.67,65
24-02-2021,99,,35.81,16.15,227.7,65
25-02-2021,193,9,17.92,20.24,358.3,65
26-02-2021,122,5,48.14,24.46,136.82,65
27-02-2021,79,6,12.78,25.25,428.31,65
28-02-2021,89,4,45.9,25.18,138.25,65
01-03-2021,91,8,15.8,22.83,432.74,65
02-03-2021,126,8,20.32,29.36,155.47,65
03-03-2021,178,0,16.08,26.35,409.81,65
04-03-2021,161,0,23.33,22.31,446.39,65
05-03-2021,91,0,14.27,21.99,331.26,65
06-03-2021,84,2,24.97,23.1,461.98,65
07-03-2021,146,,22.41,20.13,217.04,65
08-03-2021,167,8,39.68,28.48,234.12,65
09-03-2021,95,8,34.45,22.77,250.32,65
10-03-2021,67,1,37.34,24.7,484.98,65
11-03-2021,128,9,29.63,18.27,128.28,65
12-03-2021,151,4,44.12,19,103.17,65
13-03-2021,159,4,24.15,28.97,120.79,65
14-03-2021,185,5,26.09,15.8,295.71,65
15-03-2021,80,1,13.87,20.12,188.16,65
16-03-2021,63,6,49.96,22.44,294.84,65
17-03-2021,198,9,28.09,20,312.87,65
18-03-2021,120,0,46.63,20.51,293.82,65
19-03-2021,104,9,44.11,29.97,279.32,65
20-03-2021,160,3,20.37,23.72,257.27,65
21-03-2021,109,7,30.05,22.78,229.22,65
22-03-2021,75,3,33.53,21.34,229.26,65
23-03-2021,157,0,43.8,26.66,184.38,65
24-03-2021,82,2,13.9,25.84,258.88,65
25-03-2021,145,7,43.13,24.66,319.49,65
26-03-2021,193,6,14.48,17.62,475.81,65
27-03-2021,178,5,27.95,16.78,390.05,65
28-03-2021,158,6,44.49,22.37,464.29,65
29-03-2021,177,8,19.35,26.99,187.39,65
30-03-2021,64,2,11.85,16.05,199.36,65
31-03-2021,77,7,11.91,28.46,221.48,65
01-04-2021,55,0,17.55,27.75,486.89,65
02-04-2021,184,3,31.64,18.09,311.11,65
03-04-2021,86,9,45.71,21.17,428.92,65
04-04-2021,56,7,38.36,15.93,425.46,65
05-04-2021,102,4,42.2,15.69,454.2,65
06-04-2021,141,7,19.86,21.25,182.31,65
07-04-2021,90,6,25.3,19.9,307.07,65
08-04-2021,151,3,30.97,27.09,337.01,65
09-04-2021,190,7,24.71,19.09,305.4,65
10-04-2021,61,,40.09,26.72,441.6,65
11-04-2021,163,0,48.81,19.58,474.96,65
12-04-2021,158,4,40.77,23.29,188.48,65
13-04-2021,130,5,47.61,27.81,123.15,65
14-04-2021,84,6,49.14,17.46,394.32,65
15-04-2021,66,,22.85,20.24,303.8,65
16-04-2021,104,3,34.64,25.87,475.5,65
17-04-2021,195,5,40.66,18.14,383.73,65
18-04-2021,138,6,34.76,16.05,224.95,65
19-04-2021,183,6,33.93,29.69,312.5,65
20-04-2021,163,1,24.73,20.19,459.42,65
21-04-2021,151,2,31.21,28.18,439.32,65
22-04-2021,167,4,23.63,18.31,286.88,65
23-04-2021,199,2,19.03,22.95,188.72,65
24-04-2021,197,5,25.2,28.02,142.54,65
25-04-2021,187,3,25.98,15.93,168.68,65
26-04-2021,104,,15.77,26.31,276.85,65
27-04-2021,114,5,29.54,16.99,386.63,65
28-04-2021,165,9,35.48,18.42,168.7,65
29-04-2021,133,3,60,20.33,373.07,65
30-04-2021,142,6,31.24,19.44,221.86,65
01-05-2021,64,,13.51,20.6,350.34,65
02-05-2021,193,2,44.25,25.43,294.49,65
03-05-2021,124,3,26.35,18.66,449.18,65
04-05-2021,64,9,19.73,24.2,469.83,65
05-05-2021,99,4,25.1,23.92,253.99,65
06-05-2021,198,8,36.07,18.63,247.79,65
07-05-2021,97,1,29.11,16.2,345.16,65
08-05-2021,150,18,34.12,18.76,217.3,65
09-05-2021,127,,33.84,24.75,334.31,65
10-05-2021,87,7,37.82,18.82,264.67,65
11-05-2021,191,4,47.28,18.19,290.61,65
12-05-2021,111,8,36.12,29.05,416.44,65
13-05-2021,96,5,16.6,29.38,144.27,65
14-05-2021,177,1,28.25,20.99,159.5,65
15-05-2021,119,1,17.62,26.66,145.94,65
16-05-2021,88,7,15.46,16.08,348.73,65
17-05-2021,120,3,39.78,28.57,447.05,65
18-05-2021,133,9,16.21,20.19,460.8,65
19-05-2021,162,7,41.23,26.49,309.25,65
20-05-2021,130,8,30.9,24.84,359.35,65
21-05-2021,82,3,26.96,21.04,376.15,65
22-05-2021,100,9,44.93,16.15,284.4,65
23-05-2021,94,4,46,24.23,360.93,65
24-05-2021,83,0,18.62,16.08,241.52,65
25-05-2021,96,9,42,29.39,350.98,65
26-05-2021,86,7,34.24,21.43,298.52,65
27-05-2021,166,9,29.85,19.37,164.35,65
28-05-2021,180,5,19.51,18.12,438,65
29-05-2021,126,5,42.1,16.12,206.35,65
30-05-2021,59,1,45.26,25.62,141.73,65
31-05-2021,198,3,39.19,29.86,432.31,65
01-06-2021,128,5,21.04,21.89,445.92,65
02-06-2021,121,,12.84,25.57,119.26,65
03-06-2021,167,9,29.16,22.27,474.88,65
04-06-2021,104,,20.73,21.07,128.03,65
05-06-2021,116,4,23.69,20.44,183.51,65
06-06-2021,113,3,23.2,28.42,102.52,65
07-06-2021,51,5,18.44,26.41,105.86,65
08-06-2021,82,5,49.38,27.88,133.98,65
09-06-2021,88,4,44.22,16.45,454.17,65
10-06-2021,114,8,13.31,20.43,122.85,65
11-06-2021,109,1,43.55,18.13,397.95,65
12-06-2021,66,7,11,17.57,328.41,65
13-06-2021,126,3,43.3,28.23,415.05,65
14-06-2021,146,0,17.79,28.34,432.93,65
15-06-2021,140,2,28.76,23.58,268.95,65
16-06-2021,107,1,22.75,18.89,160.91,65
17-06-2021,145,9,33.12,29.62,100.59,65
18-06-2021,55,2,27.85,16.65,455.34,65
19-06-2021,176,0,11.42,26.65,317.78,65
20-06-2021,100,2,40.05,19.93,305.61,65
21-06-2021,142,9,29.26,21.04,396.36,65
22-06-2021,105,9,18.4,27.01,231.1,65
23-06-2021,188,6,33.82,15.54,497.41,65
24-06-2021,149,4,17.34,22.03,327.24,65
25-06-2021,56,6,31.74,21.15,128.44,65
26-06-2021,83,4,27.2,18.93,169.15,65
27-06-2021,184,2,31.38,29.45,219.51,65
28-06-2021,179,6,32.95,22.46,162.06,65
29-06-2021,85,2,11.66,21.52,463.31,65
30-06-2021,157,2,35.49,25.34,283.18,65
01-07-2021,119,7,21.98,26.15,267.45,65
02-07-2021,121,7,23.58,18.94,401.74,65
03-07-2021,65,5,40.95,19.55,429.72,65
04-07-2021,56,7,17.26,15.57,204.89,65
05-07-2021,185,0,23.53,29.88,118.92,65
06-07-2021,172,2,12.72,15,156.9,65
07-07-2021,50,1,48.63,22.2,444.11,65
08-07-2021,153,5,19.08,21.67,266.71,65
09-07-2021,167,6,45.06,27.07,189.63,65
10-07-2021,123,4,34.1,16.04,494.73,65
11-07-2021,135,2,27.19,19.67,187.31,65
12-07-2021,81,0,33.24,25.83,421.34,65
13-07-2021,77,,32.7,29.69,499.89,65
14-07-2021,101,,33.88,29.94,156.25,65
15-07-2021,152,2,23.55,17.7,372.11,65
16-07-2021,67,1,45.41,16.07,433.63,65
17-07-2021,136,2,41.2,22.38,468.28,65
18-07-2021,153,4,49.11,15.53,218.22,65
19-07-2021,142,4,43.36,22.05,131.55,65
20-07-2021,199,0,24.51,29.17,115.35,65
21-07-2021,159,2,22.72,27.63,243.13,65
22-07-2021,191,4,28.67,15.69,160.97,65
23-07-2021,170,3,12.39,15.33,245.42,65
24-07-2021,152,1,25.73,21.29,459.09,65
25-07-2021,165,9,11.32,16.66,193.05,65
26-07-2021,168,4,16.88,20.55,333.14,65
27-07-2021,91,2,22.55,25.47,490.91,65
28-07-2021,127,4,35.74,20.04,251.92,65
29-07-2021,98,0,48.96,20.48,185.71,65
30-07-2021,62,,16.47,16.2,478.66,65
31-07-2021,89,4,13.97,28.56,332.14,65
01-08-2021,164,8,47,27.39,121.86,65
02-08-2021,199,6,29.88,20.65,151.68,65
03-08-2021,68,7,34.49,23.36,332.35,65
04-08-2021,115,6,10.83,22.4,293.35,65
05-08-2021,93,8,23.06,18.24,279.23,65
06-08-2021,72,8,30.2,18.46,318.87,65
07-08-2021,136,0,20.39,22.49,245.29,65
08-08-2021,69,1,42.22,21.35,433.48,65
09-08-2021,146,5,34.27,21.09,478.46,65
10-08-2021,190,7,48.21,27.56,225.97,65
11-08-2021,160,3,37.89,15.35,371.46,65
12-08-2021,52,,16.15,29.42,251.63,65
13-08-2021,171,1,30.9,26.87,162.69,65
14-08-2021,106,5,16.17,28.42,183.87,65
15-08-2021,153,7,44.44,24.72,196.83,65
16-08-2021,121,1,23.23,19.26,296.99,65
17-08-2021,162,0,27.5,22.82,204.84,65
18-08-2021,53,6,44.84,21.69,305.87,65
19-08-2021,152,9,20.58,17.66,100.04,65
20-08-2021,66,,28.39,29.67,224.87,65
21-08-2021,191,7,41.4,19.53,256.09,65
22-08-2021,70,,12.65,15.63,349.03,65
23-08-2021,176,,21.1,22.33,118.99,65
24-08-2021,145,,60,16.61,469.21,65
25-08-2021,130,7,39.8,27.41,224.24,65
26-08-2021,57,3,15.87,15.5,297.98,65
27-08-2021,87,2,48.35,15.77,378.01,65
28-08-2021,84,3,25.22,26.85,247.42,65
29-08-2021,110,7,31.17,16.91,351.95,65
30-08-2021,99,6,18.9,23.45,297.38,65
31-08-2021,154,4,43.74,24.37,289.74,65
01-09-2021,170,1,19.56,29.93,173.48,65
02-09-2021,94,8,29.2,18.82,256.97,65
03-09-2021,69,9,48.63,19.44,182.78,65
04-09-2021,192,5,28.91,15.99,416.33,65
05-09-2021,92,1,30.14,15.75,153.07,65
06-09-2021,142,,44.53,21.14,117.01,65
07-09-2021,79,5,45.68,24.88,257.34,65
08-09-2021,65,2,38.2,24.93,106.26,65
09-09-2021,130,2,10.91,26.65,243.1,65
10-09-2021,166,9,38.95,23.1,412.18,65
11-09-2021,131,8,39.86,26.9,419.72,65
12-09-2021,168,6,24.21,17.71,251.77,65
13-09-2021,157,2,35.49,24.51,348.12,65
14-09-2021,156,5,20.82,26.67,348.27,65
15-09-2021,75,7,23.04,23.56,273.45,65
16-09-2021,62,2,24.32,25.86,316.09,65
17-09-2021,60,4,44.78,17.12,349.51,65
18-09-2021,159,4,47.17,21.65,276.26,65
19-09-2021,199,0,38.88,27.77,478.24,65
20-09-2021,139,4,17.48,19.77,445.91,65
21-09-2021,68,9,38.06,28.48,380.84,65
22-09-2021,143,,20.23,29.82,325.98,65
23-09-2021,164,8,15.71,17.09,376.57,65
24-09-2021,155,28,30.42,17.21,432.02,65
25-09-2021,98,1,46.11,20.62,146.57,65
26-09-2021,144,9,24.79,23.44,144.34,65
27-09-2021,164,5,35.7,26.44,251.27,65
28-09-2021,172,4,40,16.01,477.46,65
29-09-2021,92,4,43.91,26.72,154.48,65
30-09-2021,103,7,11.67,17.45,305.1,65
01-10-2021,123,0,30.18,16.28,190.25,65
02-10-2021,147,3,45.9,24.04,161.43,65
03-10-2021,169,7,21.74,16.16,450.54,65
04-10-2021,195,4,12.97,16.1,377.39,65
05-10-2021,162,9,24.86,24.26,357.85,65
06-10-2021,110,2,38.62,25.48,328.64,65
07-10-2021,75,2,49.07,28.79,387.74,65
08-10-2021,198,0,32.53,29.36,404.92,65
09-10-2021,61,3,47.23,22.15,248.12,65
10-10-2021,165,,47.41,24.66,257.23,65
11-10-2021,145,6,42.6,26.67,178.69,65
12-10-2021,118,7,27.8,28.85,445.11,65
13-10-2021,149,4,39.21,15.33,153.88,65
14-10-2021,65,3,46.76,18.27,319.55,65
15-10-2021,55,2,44.05,22.87,111.93,65
16-10-2021,105,5,32.56,18.47,303.48,65
17-10-2021,94,9,45.3,22.75,443.53,65
18-10-2021,88,4,43.62,25.19,470.84,65
19-10-2021,146,4,15.16,26.54,437.39,65
20-10-2021,187,3,21.29,27.54,405.49,65
21-10-2021,123,8,43.64,29.92,163.41,65
22-10-2021,115,7,40.6,28.19,338.93,65
23-10-2021,184,9,25.34,20.21,148.83,65
24-10-2021,137,7,31.11,19.36,132.3,65
25-10-2021,93,4,49.42,19.53,104.41,65
26-10-2021,168,0,25.34,16.38,189.92,65
27-10-2021,133,2,18.88,24.95,397,65
28-10-2021,129,,37.14,15.16,292.09,65
29-10-2021,124,0,17,19.39,166.27,65
30-10-2021,57,,14,26.51,199.28,65
31-10-2021,54,5,45.17,22.04,206.64,65
01-11-2021,133,0,45.17,21.19,429.02,65
02-11-2021,156,7,40.74,26.79,211.75,65
03-11-2021,128,4,10.7,21.04,184.76,65
04-11-2021,159,,18.29,22.1,269.67,65
05-11-2021,130,1,41.69,22.4,453.68,65
06-11-2021,190,9,42.28,22.59,398.71,65
07-11-2021,127,,29.4,16.52,367.65,65
08-11-2021,199,6,43.52,22.92,467.72,65
09-11-2021,186,2,44.18,20.81,418.86,65
10-11-2021,199,4,42.58,28.5,234.59,65
11-11-2021,190,8,40.29,15.19,122.03,65
12-11-2021,67,4,42.94,22.75,138.56,65
13-11-2021,162,,14.65,29.62,252.44,65
14-11-2021,77,8,30.78,15.23,242.23,65
15-11-2021,124,1,27.54,25.36,437.05,65
16-11-2021,190,5,12.24,15.45,492.72,65
17-11-2021,168,8,49.6,27.94,483.06,65
18-11-2021,99,1,31.35,17.95,362.96,65
19-11-2021,67,1,43.32,27.38,261.76,65
20-11-2021,175,0,27.16,28.75,248.2,65
21-11-2021,73,3,22.76,17.04,109.69,65
22-11-2021,63,1,30.66,16.47,447.71,65
23-11-2021,131,7,15.8,27.55,460.88,65
24-11-2021,119,4,17.44,17.63,181.69,65
25-11-2021,156,,12.34,15.8,240.77,65
26-11-2021,170,6,44.34,18.31,347.63,65
27-11-2021,175,8,31.74,18.08,217.78,65
28-11-2021,94,24,49.45,25.12,241.47,65
29-11-2021,50,1,43.1,22.08,284.32,65
30-11-2021,107,1,32.13,26.48,245.35,65
01-12-2021,194,6,31.18,18.54,143.45,65
02-12-2021,86,9,30.11,22.36,391.11,65
03-12-2021,197,2,12.25,16.58,163.86,65
04-12-2021,180,5,12.15,22.08,442.83,65
05-12-2021,123,8,29.58,22.49,229.81,65
06-12-2021,83,5,45.98,28.67,202.28,65
07-12-2021,72,6,35.99,29.23,384.17,65
08-12-2021,132,3,31.26,28.13,408.99,65
09-12-2021,81,,34.61,28.84,224.67,65
10-12-2021,115,9,22.54,15.7,460.74,65
11-12-2021,107,1,23.98,27.4,365.67,65
12-12-2021,165,7,39.61,16,151.37,65
13-12-2021,170,1,18.35,23.58,157.84,65
14-12-2021,66,4,16.84,16.28,190.06,65
15-12-2021,51,3,30.76,26.86,412.97,65
16-12-2021,195,3,39.65,15.03,474.22,65
17-12-2021,120,5,22.26,20.76,409.43,65
18-12-2021,182,4,26.61,22.94,109.86,65
19-12-2021,147,1,31.98,19.06,159.33,65
20-12-2021,68,2,45.53,22.58,312.14,65
21-12-2021,77,,35.03,28.14,330.75,65
22-12-2021,83,3,44.17,24.15,435.39,65
23-12-2021,54,5,25.46,23.3,244.53,65
24-12-2021,150,5,33.51,29.71,444.53,65
25-12-2021,68,8,36.03,20.85,163.76,65
26-12-2021,69,,46.57,28.23,177.68,65
27-12-2021,100,8,42.28,24.7,214.5,65
28-12-2021,81,3,15.85,26.63,197.95,65
29-12-2021,62,8,36.89,19.68,413.27,65
30-12-2021,141,7,12.08,24.16,236.21,65
31-12-2021,113,5,49.74,27.73,144.89,65
01-01-2022,68,3,26.36,24.38,307.08,66
02-01-2022,66,3,36.73,25.14,150.62,66
03-01-2022,157,3,17.51,22.67,429.42,66
04-01-2022,66,3,41.27,16.91,232.95,66
05-01-2022,180,1,37.81,26.24,297.72,66
06-01-2022,195,9,24.01,25.42,453.53,66
07-01-2022,175,1,24.4,22.44,260.58,66
08-01-2022,63,4,37.25,21.05,138.52,66
09-01-2022,180,5,24.73,25,446.14,66
10-01-2022,74,9,47.99,25.5,154.94,66
11-01-2022,157,1,22.99,20.74,400.72,66
12-01-2022,56,0,20.68,19.6,276.49,66
13-01-2022,152,2,40.43,29.55,408.14,66
14-01-2022,74,3,14.17,29.64,141.36,66
15-01-2022,170,3,32.51,20.61,397.2,66
16-01-2022,163,8,34.94,29.41,343.23,66
17-01-2022,194,5,60,23.77,190.01,66
18-01-2022,168,2,48.04,15.21,273.56,66
19-01-2022,120,9,26.64,16.66,443.6,66
20-01-2022,141,8,21.2,18.3,315.58,66
21-01-2022,164,1,37.37,27.21,153.38,66
22-01-2022,76,7,38.85,26,402.31,66
23-01-2022,140,4,27.08,27.39,149.5,66
24-01-2022,84,8,17.25,22.8,240.81,66
25-01-2022,171,,35.27,23.43,141.95,66
26-01-2022,118,8,19.95,15.68,258.54,66
27-01-2022,57,9,18.9,18.21,442.59,66
28-01-2022,63,0,33.12,21.91,411.27,66
29-01-2022,84,7,49.44,26.98,463.95,66
30-01-2022,160,2,37.71,24.69,315.98,66
31-01-2022,189,7,42.41,24.32,362.16,66
01-02-2022,175,1,38.52,28.4,352.93,66
02-02-2022,147,1,24.9,24.03,119.93,66
03-02-2022,76,,46.27,19.11,342.47,66
04-02-2022,190,9,42.35,22.31,288.41,66
05-02-2022,126,,37.64,25.72,244.16,66
06-02-2022,91,9,31.65,27.47,163.67,66
07-02-2022,69,,24.47,22.97,150.08,66
08-02-2022,157,2,27.98,27.15,302.88,66
09-02-2022,52,4,22.42,29.84,166.88,66
10-02-2022,169,2,46.81,15.93,399.7,66
11-02-2022,194,2,23.15,25.96,409.07,66
12-02-2022,65,,47.5,28.91,215.3,66
13-02-2022,87,4,27.73,22.5,346.96,66
14-02-2022,196,2,43.5,20.71,124.97,66
15-02-2022,113,0,20.06,23.27,462.93,66
16-02-2022,116,2,48.61,28.62,350.56,66
17-02-2022,85,4,45.88,27.78,242.06,66
18-02-2022,57,5,37.97,24,320.74,66
19-02-2022,88,7,46.77,28.98,239.86,66
20-02-2022,82,6,34.86,25.87,132.39,66
21-02-2022,135,1,10.58,20.64,204.89,66
22-02-2022,65,4,20.06,18.57,104.15,66
23-02-2022,151,2,13.58,24.47,409.01,66
24-02-2022,163,7,12.63,26.43,486.65,66
25-02-2022,141,0,28.83,24.98,222.49,66
26-02-2022,54,2,49.08,24.22,386.85,66
27-02-2022,114,6,25.76,16.35,309.43,66
28-02-2022,93,6,48.7,23.97,108.5,66
01-03-2022,68,7,45.64,15.16,489.8,66
02-03-2022,95,3,17.03,15.6,484.99,66
03-03-2022,171,0,45.34,18.77,455.89,66
04-03-2022,142,0,20.3,16.85,225.98,66
05-03-2022,55,0,12.1,18.43,153.57,66
06-03-2022,128,6,14.8,29.55,225.91,66
07-03-2022,114,0,30.66,29.01,394.78,66
08-03-2022,81,9,34.95,16.08,291.17,66
09-03-2022,188,4,11,16.26,466.78,66
10-03-2022,131,7,38.14,23.72,107.79,66
11-03-2022,67,1,12.95,29.18,484.61,66
12-03-2022,191,3,36.01,26.43,483.21,66
13-03-2022,139,5,12.39,25.33,413.74,66
14-03-2022,186,6,21.97,21.05,302.91,66
15-03-2022,179,4,45.36,25.57,243.3,66
16-03-2022,78,7,48.4,24.04,482.23,66
17-03-2022,194,9,12.09,26.87,375.64,66
18-03-2022,162,2,42.93,28.79,405.76,66
19-03-2022,74,6,34.03,26.08,423.3,66
20-03-2022,79,6,47.38,18.57,444.2,66
21-03-2022,176,1,25.52,22.17,300.58,66
22-03-2022,185,0,37.42,25.84,482.6,66
23-03-2022,60,1,13.38,27.25,218.04,66
24-03-2022,109,9,22.12,18.32,416.29,66
25-03-2022,146,2,28.58,23.38,150.82,66
26-03-2022,97,6,27.3,29.09,247.35,66
27-03-2022,104,0,41.02,25.07,277.66,66
28-03-2022,88,9,13.9,23.12,321.63,66
29-03-2022,111,0,12.38,25.48,130.17,66
30-03-2022,112,8,13.36,23.43,258.21,66
31-03-2022,103,4,10.12,19.36,224.74,66
01-04-2022,71,8,21.78,21.11,284.77,66
02-04-2022,124,7,46.71,27.47,391.95,66
03-04-2022,147,,37.84,23.83,160.52,66
04-04-2022,116,,23.45,21.41,373.01,66
05-04-2022,81,4,18.22,16.69,242.79,66
06-04-2022,118,9,39.1,16.73,222.56,66
07-04-2022,158,8,37.83,17.27,260.9,66
08-04-2022,187,0,34.02,28.89,442.39,66
09-04-2022,89,1,44.93,29.36,126.93,66
10-04-2022,57,3,34.51,26,329.78,66
11-04-2022,121,6,24.51,15.72,393.94,66
12-04-2022,74,3,39.43,24.04,349.67,66
13-04-2022,127,6,19.49,24.36,314.15,66
14-04-2022,89,8,34.62,29.77,348.87,66
15-04-2022,134,8,11.5,18.59,241.65,66
16-04-2022,55,9,27.08,25.85,269.9,66
17-04-2022,151,1,13.27,29.9,255.2,66
18-04-2022,80,,48.55,29.09,332,66
19-04-2022,199,1,16,20.32,453.88,66
20-04-2022,148,7,22.15,17.12,289.09,66
21-04-2022,171,9,20.54,16.15,262.06,66
22-04-2022,153,5,22.58,15.9,371.04,66
23-04-2022,152,,27.74,16.32,179.26,66
24-04-2022,126,6,20.6,29.69,456.94,66
25-04-2022,105,2,25.06,29.8,402.77,66
26-04-2022,71,6,20.67,16.74,239.92,66
27-04-2022,160,7,49.06,16.23,183.34,66
28-04-2022,68,4,21.53,24.97,355.83,66
29-04-2022,198,1,22.12,27.28,483.67,66
30-04-2022,52,6,24.81,26.37,449.82,66
01-05-2022,158,7,35.18,15.14,130.89,66
02-05-2022,150,9,48.8,21.52,211.08,66
03-05-2022,55,,33.53,25.8,374.94,66
04-05-2022,104,5,49.38,27.19,317.08,66
05-05-2022,78,6,23.85,25.41,177.87,66
06-05-2022,125,,46.81,19.95,446.42,66
07-05-2022,50,2,25.56,19.06,486.29,66
08-05-2022,121,1,35.15,27.44,255.16,66
09-05-2022,115,4,12.07,23.15,337.46,66
10-05-2022,57,7,10.17,18.81,241.66,66
11-05-2022,92,9,19.01,28.01,182.63,66
12-05-2022,126,5,11.55,27.25,459.26,66
13-05-2022,168,4,26.95,22.4,268.64,66
14-05-2022,154,9,27.86,27.16,110.99,66
15-05-2022,90,8,48.2,16.55,229.19,66
16-05-2022,192,2,16.93,28.61,258.51,66
17-05-2022,121,,28.11,29.67,167.94,66
18-05-2022,184,7,22.31,15.16,394.07,66
19-05-2022,137,7,12.39,28,170.8,66
20-05-2022,130,,14.27,26.28,446.81,66
21-05-2022,69,3,45.09,27.83,342.91,66
22-05-2022,194,8,25.9,19.45,416.88,66
23-05-2022,61,0,40.62,29.33,372.51,66
24-05-2022,170,2,27.95,27.49,405.13,66
25-05-2022,179,,46.52,21.18,266.86,66
26-05-2022,93,0,38.09,26.83,337.3,66
27-05-2022,175,4,23.64,21.39,252.61,66
28-05-2022,195,1,44.51,19.95,387.98,66
29-05-2022,103,6,13.48,17.19,224.22,66
30-05-2022,185,,13.04,28.91,233.92,66
31-05-2022,141,8,32.19,18.47,431.11,66
01-06-2022,191,,39.25,22.67,172.06,66
02-06-2022,83,,34.04,22.93,259.6,66
03-06-2022,159,,36.51,15.51,329.3,66
04-06-2022,67,2,20.42,26.95,153.4,66
05-06-2022,154,8,45.12,25.4,345.11,66
06-06-2022,179,9,48.87,19.34,249.52,66
07-06-2022,71,8,25.53,28.99,185.69,66
08-06-2022,86,2,26.36,29.87,122.83,66
09-06-2022,111,2,28.15,25.11,325.32,66
10-06-2022,180,1,18,26.23,488.55,66
11-06-2022,107,2,15.64,15.89,409.29,66
12-06-2022,160,8,41.08,21.53,258.47,66
13-06-2022,151,4,34.25,15.37,175.85,66
14-06-2022,176,4,16.01,25.79,400.29,66
15-06-2022,161,5,29.84,27.46,445.49,66
16-06-2022,110,5,49.84,16.79,238.06,66
17-06-2022,122,7,31.06,16.41,124.87,66
18-06-2022,113,5,46.49,27.35,347.69,66
19-06-2022,134,7,43.42,22.61,136.68,66
20-06-2022,199,8,14.42,27.7,169.43,66
21-06-2022,177,4,26.18,20.94,101.76,66
22-06-2022,77,,32.39,17.62,204.36,66
23-06-2022,126,4,35.97,20.56,404.72,66
24-06-2022,152,2,21.66,19.19,428.29,66
25-06-2022,66,9,10.31,22.64,479.26,66
26-06-2022,77,5,22.39,28.36,429.11,66
27-06-2022,81,4,32.66,20.36,184.51,66
28-06-2022,134,9,24.02,26.03,309.4,66
29-06-2022,110,2,25.23,24.58,334.74,66
30-06-2022,99,6,43.47,18.34,151,66
01-07-2022,133,,26.68,19.76,274.18,66
02-07-2022,90,,48.73,18.1,222.13,66
03-07-2022,165,8,16.56,26.37,401.14,66
04-07-2022,134,0,13.6,16.92,131.87,66
05-07-2022,183,3,18.52,23.68,210.34,66
06-07-2022,145,5,13.52,17.57,141.47,66
07-07-2022,147,0,19.98,17.96,285.22,66
08-07-2022,107,8,31.75,15.08,175.55,66
09-07-2022,50,9,20.35,21.61,141.99,66
10-07-2022,146,0,42.72,27.14,363.37,66
11-07-2022,197,4,24.35,16.32,438.05,66
12-07-2022,121,9,26.15,27.69,180.6,66
13-07-2022,87,0,13.47,27.65,148.86,66
14-07-2022,105,8,20.82,18.48,364.14,66
15-07-2022,144,0,14.82,28.1,117.31,66
16-07-2022,187,2,19.31,27.4,195.33,66
17-07-2022,87,0,36.34,24.82,221.99,66
18-07-2022,143,0,25.27,27.47,467.83,66
19-07-2022,124,7,10.76,16.1,240.43,66
20-07-2022,191,5,20.7,19.79,313.02,66
21-07-2022,136,6,44.86,19.33,409.2,66
22-07-2022,109,,25.12,26.72,438.08,66
23-07-2022,147,3,32.51,26.28,138.22,66
24-07-2022,109,9,29.15,28.36,401.67,66
25-07-2022,67,1,48.95,19.33,401.49,66
26-07-2022,196,4,21.15,22.11,451.32,66
27-07-2022,123,0,38.28,15.28,406.25,66
28-07-2022,74,9,33.86,29.85,151.74,66
29-07-2022,100,6,34.78,21.17,220.3,66
30-07-2022,80,1,42.26,23.37,269.35,66
31-07-2022,152,,16.67,22.99,145.3,66
01-08-2022,55,7,43.76,20.84,148.29,66
02-08-2022,76,6,14.13,18.49,415.43,66
03-08-2022,154,3,36.59,26.19,168.12,66
04-08-2022,190,7,18.29,20.64,462.03,66
05-08-2022,183,8,35.69,25.09,185.02,66
06-08-2022,115,2,14.61,25.96,296.33,66
07-08-2022,72,1,38.38,25.89,184.67,66
08-08-2022,120,9,22.88,16.22,476.46,66
09-08-2022,118,4,36.61,29.62,316.86,66
10-08-2022,124,3,31.9,26.39,323.84,66
11-08-2022,52,7,18.99,23.96,448.47,66
12-08-2022,170,9,31.27,19.33,159.88,66
13-08-2022,70,5,16.36,17.27,134.72,66
14-08-2022,164,5,49.69,26.91,489.83,66
15-08-2022,132,2,33.85,20.92,467.41,66
16-08-2022,142,4,30.43,28.68,201.09,66
17-08-2022,69,,46.74,29.11,336.87,66
18-08-2022,155,6,22.01,15.84,377.39,66
19-08-2022,80,6,19.13,23.71,470.68,66
20-08-2022,125,,35.46,20.76,184.08,66
21-08-2022,92,4,46.3,21.13,415.27,66
22-08-2022,99,,35.99,24.24,171.43,66
23-08-2022,62,4,10.87,26.66,323.77,66
24-08-2022,130,3,44.5,23.25,180.18,66
25-08-2022,129,5,21.89,26.35,219.09,66
26-08-2022,86,9,44.77,29.48,312.7,66
27-08-2022,125,6,49.26,21.17,227.8,66
28-08-2022,125,2,36.05,21.67,498.86,66
29-08-2022,174,,21.23,25.1,357.85,66
30-08-2022,144,2,19.03,15.59,434.54,66
31-08-2022,102,6,38.18,16.76,178.71,66
01-09-2022,144,1,12.15,17.26,152.09,66
02-09-2022,101,1,36.01,23.67,212.1,66
03-09-2022,136,5,22.37,23.16,425.79,66
04-09-2022,167,8,10.11,19.59,179.37,66
05-09-2022,129,,35.34,23.62,198.24,66
06-09-2022,185,3,33.28,29.46,397.24,66
07-09-2022,61,4,31.15,27.93,420.36,66
08-09-2022,150,8,19.95,20.39,318.99,66
09-09-2022,130,,46.59,29.27,157.67,66
10-09-2022,143,0,11.28,20.32,433.89,66
11-09-2022,116,4,14.43,23.6,332.84,66
12-09-2022,50,4,25.54,25.29,472.88,66
13-09-2022,65,7,25.55,24.13,182.61,66
14-09-2022,116,4,15.12,27.68,158.46,66
15-09-2022,117,5,49.33,23.48,190.29,66
16-09-2022,84,2,49.5,20.62,176.07,66
17-09-2022,114,3,40.93,23.18,422.22,66
18-09-2022,119,1,22.17,29.02,138.09,66
19-09-2022,171,5,23.64,25.65,424.7,66
20-09-2022,156,8,45.67,19.2,358.31,66
21-09-2022,153,6,10.3,15.3,466.77,66
22-09-2022,143,6,16.22,24.07,286.54,66
23-09-2022,174,4,21.16,17.21,207.97,66
24-09-2022,119,9,49.95,22.55,460.87,66
25-09-2022,150,6,11.81,18.69,102.88,66
26-09-2022,99,,35.94,28.46,467.22,66
27-09-2022,155,9,42.38,16.95,349.9,66
28-09-2022,159,,14.17,29.76,164.65,66
29-09-2022,136,6,14.95,16.66,217.24,66
30-09-2022,177,6,21.23,24.08,336.04,66
01-10-2022,182,1,33.51,22.79,138.83,66
02-10-2022,115,2,19.83,25.88,122.96,66
03-10-2022,151,2,30.21,18.37,307.55,66
04-10-2022,111,9,17.55,21.43,113.4,66
05-10-2022,144,2,40.06,15.07,408.4,66
06-10-2022,155,6,26.18,25.05,378.74,66
07-10-2022,89,4,18.33,19.79,471.01,66
08-10-2022,163,9,41.89,29.38,430.27,66
09-10-2022,143,,19.61,21.88,125.42,66
10-10-2022,102,3,30.78,25.4,180.78,66
11-10-2022,88,8,11.46,17.62,180.22,66
12-10-2022,132,,22.42,27.09,276.89,66
13-10-2022,53,7,16.93,15.23,318.65,66
14-10-2022,140,6,20.23,15.81,285.12,66
15-10-2022,186,6,49.44,26.66,190.84,66
16-10-2022,142,5,24.8,21.07,466.04,66
17-10-2022,120,,15.96,15.81,114.78,66
18-10-2022,91,2,49.51,20.88,112.07,66
19-10-2022,182,9,22,17.41,403.62,66
20-10-2022,80,6,39.67,22.02,213.95,66
21-10-2022,152,9,45.41,29.84,397.48,66
22-10-2022,90,2,24.1,15.19,219.67,66
23-10-2022,174,9,35.8,26.68,326.38,66
24-10-2022,78,0,12.12,20.51,446.19,66
25-10-2022,77,21,25.74,26.77,175.02,66
26-10-2022,153,9,45.83,21.7,386.9,66
27-10-2022,87,4,60,26.27,424.57,66
28-10-2022,124,5,19.78,23.25,489.53,66
29-10-2022,58,7,10.74,26.17,176.33,66
30-10-2022,137,8,34.75,22.7,300.45,66
31-10-2022,190,6,14.79,25.06,217.58,66
01-11-2022,199,1,42.58,21.9,274.26,66
02-11-2022,175,9,28.65,18.53,126.61,66
03-11-2022,133,5,25.89,26.36,457.54,66
04-11-2022,91,1,19.89,22.48,228.32,66
05-11-2022,125,0,31.97,20.87,495.57,66
06-11-2022,150,,42.8,29.87,276.17,66
07-11-2022,153,3,28.87,15.8,241.64,66
08-11-2022,60,1,13.89,25.88,301.61,66
09-11-2022,143,3,32.29,21.21,155.96,66
10-11-2022,193,6,23.07,19.99,438.54,66
11-11-2022,70,,30.66,28.43,423.17,66
12-11-2022,152,3,13.44,26.64,429.34,66
13-11-2022,137,,12.98,15.31,265.92,66
14-11-2022,103,8,39.41,26.04,243.49,66
15-11-2022,163,4,29.54,15.12,483.53,66
16-11-2022,151,9,26.3,15.71,327.12,66
17-11-2022,58,7,48.16,18.82,455.54,66
18-11-2022,145,4,17.71,29.71,203.84,66
19-11-2022,89,2,46.23,20.87,317.84,66
20-11-2022,100,8,43.31,23.54,369.76,66
21-11-2022,131,,31.21,26.72,139.29,66
22-11-2022,199,,28.07,18.93,453.52,66
23-11-2022,158,0,14.98,29.08,276.67,66
24-11-2022,150,8,24.83,21.92,418.71,66
25-11-2022,78,0,31.65,28.16,419.55,66
26-11-2022,51,7,24.12,21.79,372.55,66
27-11-2022,159,1,46.71,28.61,251.96,66
28-11-2022,119,3,11.8,27.91,324.6,66
29-11-2022,89,5,22.07,20.16,422.47,66
30-11-2022,146,2,47.21,16.31,141.04,66
01-12-2022,77,9,13.27,15.95,427.02,66
02-12-2022,156,5,28.63,22.01,214.75,66
03-12-2022,98,8,39.92,15.61,251.21,66
04-12-2022,181,3,23.53,24.33,213.37,66
05-12-2022,165,2,42.37,27.12,492.9,66
06-12-2022,62,0,15.96,28.01,385.22,66
07-12-2022,141,2,49.46,29.18,499.22,66
08-12-2022,71,6,35.73,16.26,138.46,66
09-12-2022,144,3,21.75,28.14,487.37,66
10-12-2022,56,9,12.81,16.51,190.6,66
11-12-2022,152,8,32.29,29.86,107.46,66
12-12-2022,87,6,33.54,16.63,186.47,66
13-12-2022,141,2,27.68,29.93,173.62,66
14-12-2022,194,8,47.52,21.17,398.94,66
15-12-2022,73,6,22.89,26.1,368.68,66
16-12-2022,168,3,33.18,17.63,242.29,66
17-12-2022,191,4,12.74,16.24,174.09,66
18-12-2022,184,3,28.29,25.09,243.8,66
19-12-2022,114,7,41.4,23.3,486.27,66
20-12-2022,182,2,39.9,28.62,220.67,66
21-12-2022,188,,29.11,25.21,374.94,66
22-12-2022,70,1,44.28,24.55,234.14,66
23-12-2022,77,3,47.99,24.79,422.33,66
24-12-2022,190,,27.36,21.01,330.36,66
25-12-2022,170,3,24.01,25.83,366.42,66
26-12-2022,198,1,35.34,28.41,115.16,66
27-12-2022,107,3,49.92,25.37,394.29,66
28-12-2022,184,5,11.59,16.69,207.58,66
29-12-2022,144,3,24.66,21.78,357.52,66
30-12-2022,75,1,29.62,21.06,267.65,66
31-12-2022,108,2,49.21,22.27,228.22,66
01-01-2023,94,7,43.03,19.37,240.26,65
02-01-2023,137,1,21.89,23.37,146.62,65
03-01-2023,123,,41.31,27.07,153.31,65
04-01-2023,117,6,18.33,20.03,147.12,65
05-01-2023,84,3,33.61,28.81,369.65,65
06-01-2023,123,,11.6,19.14,212.21,65
07-01-2023,96,2,26.98,22.52,483.95,65
08-01-2023,126,7,40.66,24.82,428.22,65
09-01-2023,159,6,21.47,27.29,238.09,65
10-01-2023,132,1,39.15,25.02,306.34,65
11-01-2023,157,9,23.1,28.22,413.98,65
12-01-2023,141,1,12.88,27.47,158.49,65
13-01-2023,145,,46.05,18.06,173.04,65
14-01-2023,77,4,26.81,20.56,251.48,65
15-01-2023,69,5,39.58,15.44,308.96,65
16-01-2023,71,2,33.76,19.31,150.82,65
17-01-2023,179,,36.96,15.23,286.64,65
18-01-2023,116,3,31.53,25.3,178.47,65
19-01-2023,193,,31.92,25.65,451.63,65
20-01-2023,89,9,44.69,26.74,474.08,65
21-01-2023,174,1,32.65,17.13,394.24,65
22-01-2023,122,7,42.36,19.87,154.81,65
23-01-2023,81,9,27.88,24.43,375.06,65
24-01-2023,196,5,48.92,27.8,315.77,65
25-01-2023,195,9,12.49,27.74,439.79,65
26-01-2023,134,8,25.15,21.05,252.58,65
27-01-2023,52,9,17.14,19.96,492.24,65
28-01-2023,137,6,21.88,21.96,420.44,65
29-01-2023,175,1,14.87,17.39,180.9,65
30-01-2023,198,0,29.96,18.45,367.84,65
31-01-2023,53,,10.53,15.27,307.49,65
01-02-2023,67,1,33.38,26.21,394.17,65
02-02-2023,86,8,47.56,29.92,250.23,65
03-02-2023,133,3,16.48,16.16,105.41,65
04-02-2023,79,3,36.32,17.26,255.03,65
05-02-2023,118,,20.37,18.06,363.29,65
06-02-2023,133,8,15.82,23.17,153.68,65
07-02-2023,87,1,43.51,20.81,475.43,65
08-02-2023,194,1,28.91,16.18,234.68,65
09-02-2023,189,1,12.67,15.07,336,65
10-02-2023,133,8,31.68,20.07,144.29,65
11-02-2023,60,2,49.15,21.63,109.96,65
12-02-2023,144,0,42.18,25.34,309.39,65
13-02-2023,73,1,32.25,29.69,289.02,65
14-02-2023,163,6,48.03,21.2,499.11,65
15-02-2023,170,,42.09,22.81,429.8,65
16-02-2023,75,5,27.9,25.99,381.17,65
17-02-2023,192,5,28.81,21.26,356.2,65
18-02-2023,188,6,47.09,23.96,478,65
19-02-2023,90,0,11.81,20.52,457.23,65
20-02-2023,111,7,23.13,29.86,139.66,65
21-02-2023,84,7,27.55,18.34,225.86,65
22-02-2023,90,1,18.07,26.23,185.75,65
23-02-2023,168,8,17.1,16.37,367.93,65
24-02-2023,176,2,30.06,19.07,441.59,65
25-02-2023,193,5,33.45,25.48,479.29,65
26-02-2023,126,2,28.37,19.6,498.29,65
27-02-2023,100,3,26.28,19.61,445.07,65
28-02-2023,198,6,38.23,18.1,236.18,65
01-03-2023,161,2,39.64,16.27,180.63,65
02-03-2023,195,2,16.96,20.32,209.15,65
03-03-2023,191,0,12.6,16.43,379.3,65
04-03-2023,68,5,12.6,29.79,359.04,65
05-03-2023,121,0,39.39,19.53,435.94,65
06-03-2023,167,1,10.63,22.96,206.96,65
07-03-2023,189,0,49.02,19.1,325.88,65
08-03-2023,118,8,38.24,18.45,462.64,65
09-03-2023,141,4,33.88,25.78,127.93,65
10-03-2023,100,,11.28,20.43,244.22,65
11-03-2023,118,8,11.28,17.48,132.12,65
12-03-2023,124,0,28.26,18.01,400.39,65
13-03-2023,73,,25.34,28.16,121.94,65
14-03-2023,193,7,21.58,23.48,478.39,65
15-03-2023,139,,15.17,24.91,433.89,65
16-03-2023,122,,20.9,16.31,122.83,65
17-03-2023,98,2,35.39,23.68,427.36,65
18-03-2023,94,7,25.94,17.79,143.94,65
19-03-2023,158,0,22.49,16.82,380.42,65
20-03-2023,163,5,46.99,22.28,378.17,65
21-03-2023,177,4,23.28,23.93,485.6,65
22-03-2023,197,7,46.43,20.44,282.86,65
23-03-2023,58,3,13.24,25.34,400.53,65
24-03-2023,190,,43.05,27.42,326.44,65
25-03-2023,196,5,30.47,24.26,492.18,65
26-03-2023,91,5,30.38,26.74,301.01,65
27-03-2023,64,6,33.86,27.73,476.35,65
28-03-2023,132,4,36.54,29.85,262.83,65
29-03-2023,142,8,42.73,23.74,175.3,65
30-03-2023,127,5,12.15,16.67,250.87,65
31-03-2023,64,,22.52,21.2,278.86,65
01-04-2023,68,0,28.53,26.18,362.6,65
02-04-2023,85,2,48.58,28.07,346.8,65
03-04-2023,88,8,12.45,18.15,174.57,65
04-04-2023,133,2,25.8,24.04,150.55,65
05-04-2023,88,4,41.3,25.95,307.53,65
06-04-2023,74,0,47.22,29.82,123.65,65
07-04-2023,187,2,42.23,20.74,346.65,65
08-04-2023,109,5,49.08,15.65,345.46,65
09-04-2023,113,8,31.09,29.42,179.87,65
10-04-2023,137,7,39.13,15.69,477.92,65
11-04-2023,105,7,45.25,18.55,329.68,65
12-04-2023,173,7,26.57,23.27,499.96,65
13-04-2023,66,4,13.24,16.32,117.19,65
14-04-2023,91,6,12.21,29.15,402.94,65
15-04-2023,167,8,46.89,23.55,202.57,65
16-04-2023,154,3,10.08,20.43,307.41,65
17-04-2023,96,3,22.69,20.38,141.98,65
18-04-2023,127,1,44.02,15.18,160.01,65
19-04-2023,129,8,25.9,27.15,227.32,65
20-04-2023,139,,17.88,21.13,411.58,65
21-04-2023,114,4,15.22,15.15,429.7,65
22-04-2023,165,4,11.39,26.97,171.92,65
23-04-2023,76,8,35.89,28.74,152.32,65
24-04-2023,53,3,23.02,24.64,478.87,65
25-04-2023,169,9,10.48,29.73,388.52,65
26-04-2023,74,2,13.32,23.04,155.66,65
27-04-2023,154,0,44.08,16.27,132.44,65
28-04-2023,131,9,14.93,29.5,254.37,65
29-04-2023,88,3,29.91,19.46,145,65
30-04-2023,105,1,23.88,25.73,384.27,65
01-05-2023,157,6,18.11,22.54,172.69,65
02-05-2023,172,7,14.99,17.64,297.23,65
03-05-2023,84,1,35.56,20.85,246.53,65
04-05-2023,163,,45.02,21.05,348.73,65
05-05-2023,129,,34.05,26.33,470.57,65
06-05-2023,127,0,25.04,19.19,267.82,65
07-05-2023,100,0,22.26,29.89,291.38,65
08-05-2023,82,6,24.51,27.39,446.16,65
09-05-2023,155,12,24.65,24.31,353,65
10-05-2023,175,7,30.42,22.83,121.35,65
11-05-2023,123,9,24.71,26.14,111.4,65
12-05-2023,118,8,33.46,29.3,472.85,65
13-05-2023,70,6,14.18,29.97,180.8,65
14-05-2023,185,0,21,28.02,464.64,65
15-05-2023,79,2,38.87,15.46,274.25,65
16-05-2023,103,,40.32,29.49,283.13,65
17-05-2023,156,7,37.04,26,496.92,65
18-05-2023,81,9,23.64,24.2,305.94,65
19-05-2023,148,6,27.85,17.67,489.33,65
20-05-2023,82,1,17.29,16.89,355.21,65
21-05-2023,86,6,48.65,21.87,408.35,65
22-05-2023,131,,44.8,25.82,126.25,65
23-05-2023,113,3,47.67,26.19,105.75,65
24-05-2023,131,6,32.78,23.23,388.2,65
25-05-2023,78,5,28.63,27.09,302.66,65
26-05-2023,172,4,44.75,23.68,419.55,65
27-05-2023,169,1,26.33,21.46,171.52,65
28-05-2023,122,9,20.73,20.49,426.46,65
29-05-2023,180,9,30.1,19.33,365.85,65
30-05-2023,125,3,16.78,27.32,201.67,65
31-05-2023,144,6,40.76,18.28,464.2,65
01-06-2023,50,4,27.66,28.49,487.86,65
02-06-2023,96,2,36.2,19.62,283.9,65
03-06-2023,73,8,33.36,21.4,280.52,65
04-06-2023,172,2,33.4,17.23,328.56,65
05-06-2023,114,9,47.24,16.67,386.24,65
06-06-2023,148,9,12.23,17.11,380.4,65
07-06-2023,79,5,34.55,25.98,312.81,65
08-06-2023,189,7,20.5,25.31,467.39,65
09-06-2023,83,3,14.99,25.53,165.18,65
10-06-2023,123,1,12.19,27.75,179.62,65
11-06-2023,181,,43.2,18.06,388.67,65
12-06-2023,127,0,25.95,18.88,396.64,65
13-06-2023,158,7,37.96,29.42,257.42,65
14-06-2023,117,8,47.29,16.6,219.55,65
15-06-2023,101,9,44.19,19.19,118.41,65
16-06-2023,178,9,19.69,29.43,254.73,65
17-06-2023,172,7,35.41,23.21,199.1,65
18-06-2023,182,8,21.92,28.92,433.62,65
19-06-2023,147,1,11.96,27.09,295.8,65
20-06-2023,191,3,46.32,29.24,326.03,65
21-06-2023,161,2,38.19,26.08,397.18,65
22-06-2023,184,,43.4,18.93,219.27,65
23-06-2023,122,7,20.92,26.39,455.33,65
24-06-2023,122,9,21.16,20.88,257.78,65
25-06-2023,88,2,18.18,17.4,142.96,65
26-06-2023,135,6,21.39,18.71,442.97,65
27-06-2023,65,0,14.24,19.4,469.07,65
28-06-2023,122,9,39.3,16.54,187.23,65
29-06-2023,105,2,48.84,21.03,360.99,65
30-06-2023,127,3,46.32,29.14,375.32,65
01-07-2023,111,2,15.87,17.92,197.94,65
02-07-2023,84,,18.44,29.67,271.28,65
03-07-2023,146,1,24.42,22.3,259.02,65
04-07-2023,55,,17.98,26.38,351.14,65
05-07-2023,67,,37.46,16.68,295.51,65
06-07-2023,70,0,39.89,27.93,370.42,65
07-07-2023,170,6,40.25,23.67,136.61,65
08-07-2023,165,8,33.34,16.95,215.52,65
09-07-2023,90,0,20.15,22.48,121.01,65
10-07-2023,67,5,14.83,25.18,321.32,65
11-07-2023,107,6,48,21.19,268.14,65
12-07-2023,69,1,45.56,19.87,487.27,65
13-07-2023,84,2,20.98,19.55,221.69,65
14-07-2023,52,9,23.05,23.01,210.57,65
15-07-2023,120,4,38.7,21.59,241.55,65
16-07-2023,186,8,23.7,26.12,292.11,65
17-07-2023,69,0,44.88,29.23,345.04,65
18-07-2023,186,9,44.62,17.7,243.33,65
19-07-2023,58,9,45.99,22.63,367.9,65
20-07-2023,64,1,40.81,22.35,387.91,65
21-07-2023,65,3,12.36,21.01,396.69,65
22-07-2023,149,9,31.23,26.21,438.14,65
23-07-2023,195,8,29.05,21.86,161.28,65
24-07-2023,132,2,60,16.41,398.64,65
25-07-2023,143,1,36.2,22.53,218.27,65
26-07-2023,64,5,40.08,26.32,390.59,65
27-07-2023,99,7,31.65,29.38,111.88,65
28-07-2023,80,8,40.16,16.71,185.42,65
29-07-2023,190,0,19.72,24.51,292.59,65
30-07-2023,182,8,35.62,20.3,337.01,65
31-07-2023,197,4,34.47,18.41,478.73,65
01-08-2023,81,,23.39,23.97,198.63,65
02-08-2023,140,7,30.16,20.92,310.38,65
03-08-2023,130,6,49.59,16.09,297.02,65
04-08-2023,157,3,37.99,28.44,377.06,65
05-08-2023,98,2,27.79,21.5,197.39,65
06-08-2023,136,1,38.32,29.46,471.33,65
07-08-2023,53,6,25.32,18.34,497.9,65
08-08-2023,66,4,22.7,15.84,453.83,65
09-08-2023,181,6,30.09,15.45,381.88,65
10-08-2023,113,3,27.95,24.23,369.3,65
11-08-2023,92,5,48.02,27.56,400.03,65
12-08-2023,168,3,49.15,24.6,323.7,65
13-08-2023,159,1,22.96,27.36,194.39,65
14-08-2023,161,0,12.66,22.77,455.87,65
15-08-2023,118,9,18.08,16.7,362.7,65
16-08-2023,105,,47.07,27.08,131.58,65
17-08-2023,125,5,16.06,20.45,298.84,65
18-08-2023,50,8,34.71,25.39,279.14,65
19-08-2023,99,8,11.56,16.71,137.96,65
20-08-2023,124,8,30.28,19.23,246.26,65
21-08-2023,93,9,26.28,21.22,183.13,65
22-08-2023,73,4,38.42,29.52,117.71,65
23-08-2023,77,7,30.45,24.56,108.83,65
24-08-2023,144,7,29.4,25.4,211.5,65
25-08-2023,146,1,34.98,26.66,136.67,65
26-08-2023,119,6,38.05,22.39,436.87,65
27-08-2023,101,1,35.91,17.33,490.3,65
28-08-2023,148,,45.34,19.6,285.53,65
29-08-2023,148,2,14.57,18.7,335.95,65
30-08-2023,151,,48.32,28.45,479.82,65
31-08-2023,95,3,37.1,25.93,400.16,65
01-09-2023,72,4,17.91,23.29,303.7,65
02-09-2023,94,,26.54,18.65,270.37,65
03-09-2023,57,0,22.36,17.34,398.66,65
04-09-2023,172,,38.68,23.87,228.84,65
05-09-2023,98,9,49.82,16.93,399.97,65
06-09-2023,88,0,44.74,21.79,128.82,65
07-09-2023,167,,44.48,23.72,305.87,65
08-09-2023,157,5,26.48,20.34,172.44,65
09-09-2023,185,8,27.44,28.91,393.83,65
10-09-2023,148,9,18.14,16.38,487.9,65
11-09-2023,125,4,24.86,21.33,362.05,65
12-09-2023,71,9,35.16,28.45,389.93,65
13-09-2023,125,8,43.67,17.65,165.38,65
14-09-2023,116,3,12.35,24.42,319.96,65
15-09-2023,189,6,47.85,23.72,411.53,65
16-09-2023,191,1,19.71,28.57,443.05,65
17-09-2023,154,5,18.01,28.28,490.24,65
18-09-2023,129,6,25.92,28.72,398.66,65
19-09-2023,123,9,35.49,23.71,329.42,65
20-09-2023,95,7,32.77,17.68,425.81,65
21-09-2023,104,,20.09,17.05,203.18,65
22-09-2023,171,6,48.34,26.56,449.1,65
23-09-2023,66,1,33.92,21.29,412.6,65
24-09-2023,79,4,42.87,18.72,166.76,65
25-09-2023,93,7,46.6,25.02,440.52,65
26-09-2023,175,1,26.01,26.62,432.36,65
27-09-2023,110,,19.25,28.64,469.97,65
28-09-2023,166,6,35.6,15.66,460.39,65
29-09-2023,154,1,23.46,16.6,231.39,65
30-09-2023,84,7,25.38,25.2,304.57,65
01-10-2023,51,5,15.5,17.23,422.28,65
02-10-2023,91,8,42.8,16.92,407.83,65
03-10-2023,71,0,41.21,17.77,422.87,65
04-10-2023,103,2,35.51,19.49,193.14,65
05-10-2023,135,8,25.23,28.29,417.45,65
06-10-2023,140,4,48.79,27.04,140.64,65
07-10-2023,158,,24.36,20.02,293.49,65
08-10-2023,124,8,34.75,24.39,122.4,65
09-10-2023,177,,15.95,25.33,281.26,65
10-10-2023,190,0,15.63,29.8,198.12,65
11-10-2023,195,34,48.22,16.22,307.63,65
12-10-2023,182,6,39.09,20.39,385.2,65
13-10-2023,76,0,11.04,29.19,112.39,65
14-10-2023,184,0,35.54,22.98,205.35,65
15-10-2023,184,7,11.89,26.75,159.89,65
16-10-2023,58,3,39.77,18.45,173.44,65
17-10-2023,197,5,12.2,19.28,332.78,65
18-10-2023,60,0,24.72,28.42,125.6,65
19-10-2023,60,8,25.09,25.09,382.4,65
20-10-2023,109,6,33.67,27.53,193.21,65
21-10-2023,66,7,18.5,18.21,483.99,65
22-10-2023,116,1,37.71,18.62,473.83,65
23-10-2023,94,1,31.43,19.39,392.75,65
24-10-2023,101,7,23.41,27.38,414.98,65
25-10-2023,102,8,40.94,18.26,387.66,65
26-10-2023,96,9,34.13,25.05,390.58,65
27-10-2023,189,2,45.92,19.86,172.06,65
28-10-2023,69,,30.79,24.16,470.53,65
29-10-2023,75,,22.67,21.43,420.63,65
30-10-2023,79,7,10.22,18.88,329.14,65
31-10-2023,93,4,32.83,24.94,166.47,65
01-11-2023,191,7,46.1,25.41,410.4,65
02-11-2023,172,3,15.21,26.35,463.4,65
03-11-2023,187,,49.1,27.34,288.77,65
04-11-2023,177,9,35.73,19.04,134.38,65
05-11-2023,176,3,19.83,20.82,487.03,65
06-11-2023,173,5,47.85,24.78,168.33,65
07-11-2023,186,4,49.59,25.14,417.69,65
08-11-2023,106,5,11.21,29.88,493.67,65
09-11-2023,124,,48.17,18.11,216.75,65
10-11-2023,56,,20.53,23.7,139.75,65
11-11-2023,113,2,39.43,16.77,424.33,65
12-11-2023,185,7,21.24,16.88,127.8,65
13-11-2023,136,1,28.2,21.43,311.28,65
14-11-2023,141,4,20.79,23.36,392.24,65
15-11-2023,104,8,38.82,18.11,356.37,65
16-11-2023,164,9,42.14,15.83,326.31,65
17-11-2023,123,9,39.26,20.12,200.13,65
18-11-2023,189,6,48.37,18.29,226.45,65
19-11-2023,173,3,15.73,16.33,243.43,65
20-11-2023,131,1,33.12,27.38,362.23,65
21-11-2023,95,8,47.83,23.77,371.93,65
22-11-2023,196,1,28.55,25.84,170.05,65
23-11-2023,101,8,45.53,26.42,109.1,65
24-11-2023,172,8,10.42,17.26,129.52,65
25-11-2023,75,1,48,19.04,373.31,65
26-11-2023,172,1,12.02,15.83,137.95,65
27-11-2023,56,1,12.35,28.33,224.98,65
28-11-2023,120,9,24.43,26.86,320.25,65
29-11-2023,129,6,43.47,19.15,320.62,65
30-11-2023,168,1,13.46,19.65,315.05,65
01-12-2023,54,4,47.15,23.78,467.88,65
02-12-2023,159,0,18.92,23.95,277.46,65
03-12-2023,183,7,11.98,28.06,166.4,65
04-12-2023,74,8,32.55,15.44,121.81,65
05-12-2023,104,6,43.17,28.86,305.52,65
06-12-2023,81,3,48.89,28.03,342.25,65
07-12-2023,163,2,19.48,22.61,331.01,65
08-12-2023,109,0,43.94,16.74,176.78,65
09-12-2023,184,9,15.67,24.31,117.08,65
10-12-2023,162,5,39.95,24.31,450.7,65
11-12-2023,55,8,11.3,16.34,277.99,65
12-12-2023,144,3,25.52,28.99,142.42,65
13-12-2023,150,1,42.46,24.42,364.12,65
14-12-2023,63,4,15.15,23.14,361.09,65
15-12-2023,147,1,34.04,23.67,345.16,65
16-12-2023,192,5,43.18,22.93,192.9,65
17-12-2023,167,0,18.29,16.38,440.03,65
18-12-2023,109,2,42.1,26.51,135.16,65
19-12-2023,151,3,22.25,15.07,146.78,65
20-12-2023,131,6,26.09,27.37,253.96,65
21-12-2023,151,9,40.05,17.17,459.84,65
22-12-2023,181,4,42.93,19.63,429,65
23-12-2023,62,4,22.09,20.52,463.57,65
24-12-2023,171,5,18.82,21.6,380.28,65
25-12-2023,145,9,32.37,22.01,348.64,65
26-12-2023,97,3,33.04,24.52,413.48,65
27-12-2023,122,,13.53,21.8,179.93,65
28-12-2023,176,,32.7,26.31,144.55,65
29-12-2023,101,6,35.45,16.69,472.17,65
30-12-2023,81,2,13.93,19.69,435.02,65
31-12-2023,133,7,42.66,18.69,268.59,65
01-01-2024,112,8,30.04,19.69,411.24,66
02-01-2024,91,0,34.04,18,304,66
03-01-2024,130,,30.75,28.06,106.53,66
04-01-2024,149,2,29.28,22.37,106.04,66
05-01-2024,164,6,21.95,24.35,289.15,66
06-01-2024,105,,24.63,26.3,334.51,66
07-01-2024,60,5,38.47,19.58,429.11,66
08-01-2024,92,4,35.26,28.1,335.89,66
09-01-2024,122,8,34.26,21.74,337.26,66
10-01-2024,179,,42.13,24.57,498.69,66
11-01-2024,167,3,31.5,15.4,100.65,66
12-01-2024,119,0,22.05,21.33,239.42,66
13-01-2024,178,5,33.76,19.4,471.81,66
14-01-2024,109,2,41.14,15.53,253.19,66
15-01-2024,151,0,45.29,20.26,196.16,66
16-01-2024,68,,29.74,27.58,275.34,66
17-01-2024,178,1,24.3,28.39,407.11,66
18-01-2024,95,,43.98,23.55,405.13,66
19-01-2024,145,3,26.89,29.75,233.34,66
20-01-2024,168,5,48.58,28.85,147.09,66
21-01-2024,178,2,27.28,25.05,485.77,66
22-01-2024,111,5,49.46,18.01,192.18,66
23-01-2024,176,9,13.93,16.81,470.92,66
24-01-2024,172,2,23.8,24.9,261.27,66
25-01-2024,127,6,21.11,21.11,495.12,66
26-01-2024,194,9,49.75,15.73,199.26,66
27-01-2024,58,5,44.35,28.53,367.58,66
28-01-2024,92,2,39.53,15.77,428.09,66
29-01-2024,88,0,46.71,26.87,262.42,66
30-01-2024,58,9,46.63,23.15,159.01,66
31-01-2024,60,4,17.94,21.38,138.94,66
01-02-2024,60,7,23.65,25.19,190.3,66
02-02-2024,75,9,11.93,22.25,121.97,66
03-02-2024,186,,22.34,23.87,447.25,66
04-02-2024,186,,38.55,23.69,381.65,66
05-02-2024,185,6,38.52,24.02,360.86,66
06-02-2024,64,1,27.79,29.87,378.29,66
07-02-2024,150,3,16.75,19.4,354.25,66
08-02-2024,139,8,11.81,19.61,114.29,66
09-02-2024,126,1,19.96,20.43,330.43,66
10-02-2024,141,3,13.32,28.54,265.18,66
11-02-2024,50,0,49.61,23.3,163.25,66
12-02-2024,67,8,15.86,28.92,366.43,66
13-02-2024,63,,42.48,26.36,271.15,66
14-02-2024,184,7,24.91,18.77,202.73,66
15-02-2024,101,2,34.77,23.56,392.86,66
16-02-2024,176,0,31.5,16.21,124.12,66
17-02-2024,65,7,12.25,23.38,246.28,66
18-02-2024,81,3,46.27,17.86,211.18,66
19-02-2024,118,3,46.02,21.17,148.73,66
20-02-2024,51,34,21.92,23.65,152.02,66
21-02-2024,116,4,15.34,17.89,186.14,66
22-02-2024,120,3,14.06,26.29,108.13,66
23-02-2024,179,3,43.79,22.19,338.54,66
24-02-2024,126,0,33.34,28.1,304.46,66
25-02-2024,183,0,24.98,19.65,442.77,66
26-02-2024,177,8,23.63,26.49,418.22,66
27-02-2024,188,7,31.86,15.36,491.12,66
28-02-2024,131,2,20.88,23.29,109.04,66
29-02-2024,196,6,10.78,27.69,300.27,66
01-03-2024,118,6,26.6,27.46,167.36,66
02-03-2024,191,0,45.04,23.49,287.8,66
03-03-2024,52,0,42.12,24.31,173.52,66
04-03-2024,181,9,46.46,26.5,129.35,66
05-03-2024,82,,36.57,23.14,432.02,66
06-03-2024,86,6,11.99,27.02,272.73,66
07-03-2024,147,4,28.66,24.03,374.06,66
08-03-2024,75,5,10.85,17.27,144.68,66
09-03-2024,177,3,48.79,26.51,330.2,66
10-03-2024,189,,37.25,20.37,431.36,66
11-03-2024,123,0,10.65,28.26,456.58,66
12-03-2024,92,2,48.5,20.78,221.11,66
13-03-2024,76,3,24.92,18.65,464.59,66
14-03-2024,150,1,15.96,19.54,294.94,66
15-03-2024,178,2,39.13,17.74,198.69,66
16-03-2024,69,4,16.11,21.73,320.26,66
17-03-2024,67,9,18.87,26.22,375.28,66
18-03-2024,183,8,13.5,24.9,132.94,66
19-03-2024,119,4,38.07,28.07,377.42,66
20-03-2024,142,,18.49,15.31,402.88,66
21-03-2024,54,6,42.63,26.4,272.39,66
22-03-2024,157,3,34.8,24.13,458.41,66
23-03-2024,160,9,25.58,29.47,188.82,66
24-03-2024,133,6,48.88,27.47,176.15,66
25-03-2024,118,2,17.89,19.21,350.59,66
26-03-2024,166,6,40.47,27.96,283.86,66
27-03-2024,166,1,16.13,28.13,267.05,66
28-03-2024,57,4,18.92,27.37,350.71,66
29-03-2024,172,7,15.13,22.88,246.13,66
30-03-2024,181,7,47.43,27.74,483.25,66
31-03-2024,58,8,28.99,19.73,460.55,66
01-04-2024,96,9,43.5,20.23,224.04,66
02-04-2024,137,8,12.25,24.72,176.92,66
03-04-2024,131,2,33.36,15.41,171.06,66
04-04-2024,166,2,28.02,24.77,411.51,66
05-04-2024,188,5,49.49,19.81,341.9,66
06-04-2024,134,8,41.72,28.44,316.39,66
07-04-2024,79,,47.11,21.2,362.42,66
08-04-2024,98,9,28.98,26.23,395.33,66
09-04-2024,153,,42.43,19.09,190.41,66
10-04-2024,150,2,18.32,19.94,491.88,66
11-04-2024,197,6,38.07,17.78,241.76,66
12-04-2024,68,9,48.81,18.62,131.29,66
13-04-2024,185,,34.43,16.62,433.88,66
14-04-2024,176,2,10.89,24.25,312.47,66
15-04-2024,58,2,23.81,27.6,107.2,66
16-04-2024,74,,33.85,19.26,343.18,66
17-04-2024,90,4,14.64,19.53,348.03,66
18-04-2024,53,8,26.07,28.64,370.09,66
19-04-2024,154,4,28.04,16.36,338.28,66
20-04-2024,192,2,45.18,16.37,206.72,66
21-04-2024,88,9,32.82,26.56,499.61,66
22-04-2024,70,1,31.9,18.76,287.03,66
23-04-2024,143,,24.61,22.97,255.24,66
24-04-2024,139,5,25.36,21.87,101.53,66
25-04-2024,161,0,60,23.33,327.54,66
26-04-2024,72,,16.54,16.28,295.22,66
27-04-2024,97,7,28.74,20.69,478.73,66
28-04-2024,149,7,30.3,24.6,227.79,66
29-04-2024,141,5,37.47,18.36,371.77,66
30-04-2024,162,3,33.79,17.25,352.1,66
01-05-2024,189,1,23.08,21.58,416.11,66
02-05-2024,148,5,31.23,29.15,418.1,66
03-05-2024,54,1,10.78,29.23,101.46,66
04-05-2024,115,8,37.49,27.75,447.3,66
05-05-2024,155,8,19.29,18.86,147.19,66
06-05-2024,95,1,43.31,25.41,121.06,66
07-05-2024,126,4,38.94,29.43,422.87,66
08-05-2024,132,,16.39,25.19,133.89,66
09-05-2024,146,7,22.88,24.17,118.04,66
10-05-2024,183,8,39.9,16.76,196.88,66
11-05-2024,158,3,38.19,26.22,309.53,66
12-05-2024,72,4,31.54,26.51,448.11,66
13-05-2024,154,9,21.79,17.57,467.18,66
14-05-2024,181,4,30.9,20.98,281.35,66
15-05-2024,173,9,49.66,23.52,336.2,66
16-05-2024,179,0,26.12,18.72,469.57,66
17-05-2024,90,1,31,29.74,409.54,66
18-05-2024,158,1,42.11,17.5,348.83,66
19-05-2024,75,8,11.13,29.47,197.97,66
20-05-2024,78,6,46.68,17.48,288.26,66
21-05-2024,168,1,43.91,22.42,443.63,66
22-05-2024,179,5,31.96,29.81,224.33,66
23-05-2024,84,9,31.42,17.93,158.1,66
24-05-2024,61,9,46.51,26.06,161.77,66
25-05-2024,133,3,38.21,22.66,409,66
26-05-2024,161,3,40.63,21.33,165.97,66
27-05-2024,112,9,19.19,21.25,117.99,66
28-05-2024,152,0,10.39,23.36,441.68,66
29-05-2024,156,8,27.58,26.5,473.55,66
30-05-2024,73,2,14.33,19.89,494.52,66
31-05-2024,174,5,26.61,29.94,246.2,66
01-06-2024,167,,35.26,28.6,463.79,66
02-06-2024,139,4,34.21,22.37,161.72,66
03-06-2024,61,1,37.58,23.02,497.16,66
04-06-2024,163,6,15.66,25.86,106.8,66
05-06-2024,153,7,19.74,19.42,238.54,66
06-06-2024,73,9,37.87,22.48,397.87,66
07-06-2024,138,9,17.36,20.16,340.75,66
08-06-2024,161,4,18.62,21.38,259.9,66
09-06-2024,134,8,37,27.03,131.06,66
10-06-2024,70,5,39.09,22.6,480.81,66
11-06-2024,174,2,21.68,27.52,441.61,66
12-06-2024,135,2,44.87,17.89,130.21,66
13-06-2024,90,24,43.39,24.95,401.01,66
14-06-2024,179,,33.99,27.93,166.63,66
15-06-2024,157,5,43.06,17.8,485.43,66
16-06-2024,77,3,49.12,22.19,126.6,66
17-06-2024,101,5,47.61,28.58,173.44,66
18-06-2024,120,2,15.11,29.27,409.08,66
19-06-2024,118,8,25.19,26.47,106.83,66
20-06-2024,139,7,38.93,24.87,450.55,66
21-06-2024,62,0,13.52,17.6,204.42,66
22-06-2024,90,5,15.48,29.64,444.49,66
23-06-2024,194,1,26.07,15.24,288.66,66
24-06-2024,187,1,10.25,23.1,122.73,66
25-06-2024,62,9,27.64,17.8,316.05,66
26-06-2024,171,6,25.71,29.19,388.72,66
27-06-2024,71,2,38.32,24.92,314.08,66
28-06-2024,186,0,13.61,28.17,460.19,66
29-06-2024,105,9,27.69,21.49,401.2,66
30-06-2024,67,8,48.5,26.07,149.59,66
01-07-2024,84,5,45.1,25.56,118.44,66
02-07-2024,103,0,38.59,27.93,244.68,66
03-07-2024,54,8,49.12,15.66,381.62,66
04-07-2024,59,2,13.68,23.06,442.83,66
05-07-2024,191,8,20.04,26.32,444.26,66
06-07-2024,130,1,15.62,29.75,127.17,66
07-07-2024,86,0,40.55,25.61,422.11,66
08-07-2024,100,6,44.32,23.97,215.14,66
09-07-2024,179,9,35.65,22.72,467.35,66
10-07-2024,134,1,20.32,19.76,298.57,66
11-07-2024,96,2,14.91,17.04,160.55,66
12-07-2024,134,6,31.78,28.84,497.12,66
13-07-2024,197,0,15.93,17.77,181.76,66
14-07-2024,69,7,16.48,25.78,209.5,66
15-07-2024,91,6,32.31,26.84,311.41,66
16-07-2024,174,2,13.89,27.88,110.6,66
17-07-2024,186,,46.54,19.79,430.51,66
18-07-2024,59,1,18.24,28.29,280.79,66
19-07-2024,139,1,43.06,22.6,240.43,66
20-07-2024,61,8,32.98,17.65,276.01,66
21-07-2024,161,9,16.2,16.55,487.68,66
22-07-2024,154,1,48.91,16.38,297.01,66
23-07-2024,80,8,30.79,24.77,401.16,66
24-07-2024,69,4,19.82,25.84,106.08,66
25-07-2024,188,0,19.08,21.9,402.21,66
26-07-2024,129,3,15.19,17.69,137.93,66
27-07-2024,85,9,32.43,29.23,417.47,66
28-07-2024,199,3,34.81,21.25,467.36,66
29-07-2024,95,8,33.21,16.15,193.59,66
30-07-2024,121,2,43.67,18.64,210.87,66
31-07-2024,197,9,65,24.05,423.22,66
01-08-2024,88,7,11.13,22.13,413.89,66
02-08-2024,198,9,43.82,22.56,417.2,66
03-08-2024,105,1,14.8,19.09,423.21,66
04-08-2024,60,2,15.78,15.03,238.12,66
05-08-2024,137,7,31.53,17.12,480.14,66
06-08-2024,137,6,26.27,29.09,459.38,66
07-08-2024,152,6,36.66,23.82,151.09,66
08-08-2024,156,3,17.61,17.47,116.88,66
09-08-2024,133,3,43.62,17.81,467.19,66
10-08-2024,174,2,18.68,28.75,185.92,66
11-08-2024,61,9,27.27,18.22,396.45,66
12-08-2024,196,0,10.89,16.29,364.9,66
13-08-2024,82,3,48.57,29.1,389.96,66
14-08-2024,176,9,21.62,18.65,347.12,66
15-08-2024,194,0,31.31,28.05,214.53,66
16-08-2024,135,9,29.09,26.72,337.61,66
17-08-2024,83,7,26.06,19.94,312.77,66
18-08-2024,151,6,17.23,29.66,222.53,66
19-08-2024,178,5,34.77,29.01,239.23,66
20-08-2024,128,8,32.22,19.58,358.87,66
21-08-2024,158,9,27.6,18.33,434.3,66
22-08-2024,171,,31.97,15.77,337.72,66
23-08-2024,86,,36.01,28.81,275.05,66
24-08-2024,114,5,44.42,28.22,149.02,66
25-08-2024,179,0,19.18,25.27,107.23,66
26-08-2024,149,7,40.83,28.73,135.09,66
27-08-2024,65,5,42.63,19.33,127.25,66
28-08-2024,138,3,39.78,16.58,165.9,66
29-08-2024,92,8,42.73,26.71,461.53,66
30-08-2024,133,7,33.13,29.65,160.3,66
31-08-2024,159,3,10.88,18.82,177.29,66
01-09-2024,195,3,37.83,18.32,345.1,66
02-09-2024,192,3,44.48,29.09,315.55,66
03-09-2024,114,0,20.55,25.79,434.55,66
04-09-2024,85,,39.77,19.24,191.89,66
05-09-2024,179,8,14.47,23.41,293.36,66
06-09-2024,153,2,35.85,22.16,143.64,66
07-09-2024,135,5,12.29,26.01,334.88,66
08-09-2024,163,4,31.9,21.36,340.92,66
09-09-2024,140,8,45.08,21.1,439.11,66
10-09-2024,106,1,25.15,27.76,232.12,66
11-09-2024,121,3,17.48,25.61,219.16,66
12-09-2024,126,2,37.14,25.79,480.92,66
13-09-2024,150,9,43.82,19.08,280.04,66
14-09-2024,122,7,22.1,21.83,215.69,66
15-09-2024,71,2,32.91,23.92,342.45,66
16-09-2024,187,6,36.4,18.89,157.27,66
17-09-2024,90,0,25.61,29.9,254.49,66
18-09-2024,90,8,12.7,21.73,283.6,66
19-09-2024,160,0,43.21,20.54,453.35,66
20-09-2024,151,3,43.51,27.77,390.7,66
21-09-2024,190,2,14.09,18.71,256.47,66
22-09-2024,169,7,33.52,27.04,286.08,66
23-09-2024,85,5,39.28,29.14,476.88,66
24-09-2024,90,6,13.71,25.81,434.79,66
25-09-2024,84,1,43.85,22.47,147,66
26-09-2024,198,5,24.17,16.86,243.5,66
27-09-2024,52,2,33.54,25.51,285.21,66
28-09-2024,195,6,25.06,27.52,180.73,66
29-09-2024,116,,31.13,21.22,151.54,66
30-09-2024,51,7,36.32,26.48,227.02,66
01-10-2024,118,0,38.33,23.1,364.69,66
02-10-2024,149,,26.1,26.64,483.51,66
03-10-2024,171,4,14.45,19.02,490.13,66
04-10-2024,130,5,23.73,15.08,450.33,66
05-10-2024,109,,43.39,29.94,384.32,66
06-10-2024,144,8,33.59,17.51,129.95,66
07-10-2024,124,0,27.91,28.18,106.34,66
08-10-2024,109,5,36.8,16.33,109.5,66
09-10-2024,187,0,42.7,24.79,139.96,66
10-10-2024,147,11,45.27,15.84,285.45,66
11-10-2024,91,,38.87,25.06,107.41,66
12-10-2024,187,,13.6,16.59,242.13,66
13-10-2024,55,3,18.94,24.07,480.78,66
14-10-2024,130,9,48.61,20.42,324.42,66
15-10-2024,120,2,38.94,22.88,342.33,66
16-10-2024,140,0,45.67,15.75,296.23,66
17-10-2024,182,3,31.22,20.3,492.66,66
18-10-2024,121,7,14.01,26.7,166.8,66
19-10-2024,167,7,15.68,26.63,490.22,66
20-10-2024,169,,48.32,24.91,286.81,66
21-10-2024,141,2,23.67,29.25,470.14,66
22-10-2024,162,0,25.5,24.94,356.25,66
23-10-2024,58,,48.97,20.18,181.01,66
24-10-2024,197,7,54,25.13,418.45,66
25-10-2024,108,8,10.55,20.34,153.23,66
26-10-2024,83,6,31.84,24.07,424.73,66
27-10-2024,106,7,39.21,25.04,114.07,66
28-10-2024,125,0,31.66,21.83,157.1,66
29-10-2024,90,1,35.9,29.75,243.65,66
30-10-2024,174,0,30.62,16.48,126.04,66
31-10-2024,95,,19.01,22.6,427.35,66
01-11-2024,112,2,13.53,28.44,280.59,66
02-11-2024,107,2,10.63,21.59,347.56,66
03-11-2024,99,4,37.47,24.2,140.48,66
04-11-2024,63,,25.51,21.16,102.78,66
05-11-2024,114,6,30.47,29.35,492.54,66
06-11-2024,120,2,14.69,29.65,157.69,66
07-11-2024,185,0,32.19,17.82,432,66
08-11-2024,78,1,19.91,29,356.26,66
09-11-2024,199,,42.61,22.7,422.19,66
10-11-2024,173,9,33.89,23.61,340.94,66
11-11-2024,61,3,12.51,29.15,255.63,66
12-11-2024,142,3,18.6,26.05,311.53,66
13-11-2024,107,8,19.37,24.45,313.78,66
14-11-2024,162,4,42.13,28.17,171.35,66
15-11-2024,56,0,29.55,24.87,355.67,66
16-11-2024,67,0,35.75,16.14,169.96,66
17-11-2024,124,0,29.49,25.44,316.65,66
18-11-2024,151,7,26.25,29.14,368.87,66
19-11-2024,123,4,42.94,22.98,424.61,66
20-11-2024,171,1,42.91,23.08,317.35,66
21-11-2024,81,0,43.66,19.17,345.8,66
22-11-2024,71,,48.28,23.44,390.93,66
23-11-2024,126,8,23.23,29.07,245.16,66
24-11-2024,158,1,38.26,19.25,118.72,66
25-11-2024,169,2,23.52,29.52,218.32,66
26-11-2024,90,4,45.71,25.63,147.34,66
27-11-2024,63,1,31.15,18.28,404.05,66
28-11-2024,189,1,24.88,25.57,425.58,66
29-11-2024,104,9,10.3,21.35,487.49,66
30-11-2024,179,7,36.98,23.8,340.62,66
01-12-2024,173,2,28.2,27.92,290.51,66
02-12-2024,152,0,13.82,18.23,476.37,66
03-12-2024,65,0,25.26,21.72,467.81,66
04-12-2024,72,6,30.53,21.57,356.69,66
05-12-2024,120,0,23.26,25.35,409.53,66
06-12-2024,188,2,40.8,16.02,179.49,66
07-12-2024,191,8,39.43,17.8,305.94,66
08-12-2024,138,6,14.65,21.61,236.27,66
09-12-2024,188,9,30.55,23.17,429.42,66
10-12-2024,94,2,28.39,15.65,456.04,66
11-12-2024,82,9,40.12,21.65,260.52,66
12-12-2024,154,6,29.46,24.31,291.52,66
13-12-2024,165,,22.71,17.04,192.31,66
14-12-2024,69,0,28.76,21.63,451.21,66
15-12-2024,117,4,29.02,26.09,155.52,66
16-12-2024,86,9,17.28,16.34,466.85,66
17-12-2024,111,8,24.3,24.3,346.85,66
18-12-2024,173,9,26.56,20.75,198.03,66
19-12-2024,157,2,12.21,21.76,270.45,66
20-12-2024,135,3,35.18,20.41,140.64,66
21-12-2024,85,8,18.44,16.26,337.78,66
22-12-2024,166,5,23.58,23.97,422.78,66
23-12-2024,178,6,17.18,21.37,360.8,66
24-12-2024,184,6,39.72,27.6,166.05,66
25-12-2024,121,3,32.12,25.99,320.86,66
26-12-2024,139,1,17.94,23.7,431.14,66
27-12-2024,116,5,17.89,18.55,444.27,66
28-12-2024,144,5,19.09,22.28,398.03,66
29-12-2024,152,9,48.35,26.67,246.11,66
30-12-2024,67,,28.98,16.76,491.81,66
31-12-2024,196,2,47.18,16.78,426.7,66
01-01-2025,72,,49.66,18.29,436.58,66.5
02-01-2025,92,6,30.4,28.3,440.17,66.5
03-01-2025,57,,13.41,22.63,392.84,66.5
04-01-2025,109,9,42.45,29.64,301.71,66.5
05-01-2025,190,9,34.42,28.29,278.44,66.5
06-01-2025,180,0,12.94,18.46,404.45,66.5
07-01-2025,72,6,45,29.79,294.36,66.5
08-01-2025,125,6,36.5,22.35,460.12,66.5
09-01-2025,71,0,27.73,28.05,191.31,66.5
10-01-2025,84,3,33.07,22.14,411.78,66.5
11-01-2025,180,7,47.4,29.19,195.7,66.5
12-01-2025,101,7,15.63,26.15,287.7,66.5
13-01-2025,92,6,29.37,22.92,134.15,66.5
14-01-2025,146,2,10.34,25.5,298.49,66.5
15-01-2025,97,3,27.47,18.4,310.92,66.5
16-01-2025,140,4,18.28,27.82,172.14,66.5
17-01-2025,75,4,19.08,19.1,229.95,66.5
18-01-2025,117,0,19.24,23.9,184.84,66.5
19-01-2025,170,2,40.38,29.87,271.99,66.5
20-01-2025,143,5,30.32,15.79,355.16,66.5
21-01-2025,166,2,25.22,17.59,156.84,66.5
22-01-2025,143,,10.03,25.3,257.83,66.5
23-01-2025,92,4,43.43,24.55,318.64,66.5
24-01-2025,165,4,10,25.86,419.1,66.5
25-01-2025,77,7,42.31,15.29,348.98,66.5
26-01-2025,97,4,39.09,25.24,429.48,66.5
27-01-2025,128,5,14.84,29.12,127.93,66.5
28-01-2025,174,1,34.82,21.01,174.48,66.5
29-01-2025,196,3,10.45,22.35,470.2,66.5
30-01-2025,117,9,18.94,25.51,364.97,66.5
31-01-2025,166,0,19.64,28.21,264.69,66.5
01-02-2025,132,9,49.23,26.3,245.06,66.5
02-02-2025,114,0,32.83,29.43,399.11,66.5
03-02-2025,85,6,10.36,26.09,454.87,66.5
04-02-2025,172,,15.15,19.3,313.43,66.5
05-02-2025,103,8,17.67,28.43,153.06,66.5
06-02-2025,134,7,42.88,22.62,447.15,66.5
07-02-2025,56,4,37.15,28.78,261.13,66.5
08-02-2025,179,0,29.32,15.99,456.71,66.5
09-02-2025,138,6,42.43,24.71,407.6,66.5
10-02-2025,79,8,28.96,15.2,230.02,66.5
11-02-2025,150,4,42.64,17.25,144.66,66.5
12-02-2025,146,3,18.77,19.55,303.86,66.5
13-02-2025,143,6,47.17,26.09,132.26,66.5
14-02-2025,176,5,48.29,21.29,431.16,66.5
15-02-2025,123,7,35.51,21.65,122.6,66.5
16-02-2025,128,5,35.36,19.43,477.07,66.5
17-02-2025,144,8,32.61,27.65,298.84,66.5
18-02-2025,61,6,27.31,29.45,293.19,66.5
19-02-2025,107,3,17.15,29.75,437.08,66.5
20-02-2025,153,3,17.71,22.83,318.8,66.5
21-02-2025,61,,36.1,15.66,268.99,66.5
22-02-2025,135,8,28.69,16.47,181.56,66.5
23-02-2025,56,3,19.03,28.09,391.85,66.5
24-02-2025,116,3,13.68,23.95,300.05,66.5
25-02-2025,154,,48.37,17.71,302.42,66.5
26-02-2025,81,4,37.54,23.05,201.87,66.5
27-02-2025,184,,17.63,24.23,157.44,66.5
28-02-2025,96,2,39.98,27.86,226.51,66.5
01-03-2025,129,9,16.77,24.9,422.12,66.5
02-03-2025,85,5,33.57,22.26,350.7,66.5
03-03-2025,164,3,32.69,24.05,240.83,66.5
04-03-2025,190,9,14.33,17.01,218.3,66.5
05-03-2025,94,5,36.56,18.67,101.48,66.5
06-03-2025,149,0,32.29,22.94,112.32,66.5
07-03-2025,160,0,42.08,18.21,292.15,66.5
08-03-2025,165,6,46.33,29.78,202.53,66.5
09-03-2025,103,2,38.29,23.23,474.73,66.5
10-03-2025,57,9,22.14,17.15,322.88,66.5
11-03-2025,61,0,23.09,28.84,460.8,66.5
12-03-2025,81,8,22.48,25.64,181.23,66.5
13-03-2025,175,7,44.54,15.58,149.17,66.5
14-03-2025,189,9,29.33,20.45,433.28,66.5
15-03-2025,146,1,48.34,21.39,343.77,66.5
16-03-2025,186,2,36.2,22.94,383.69,66.5
17-03-2025,178,9,34.12,19.74,320.85,66.5
18-03-2025,192,7,45.96,25.83,242.99,66.5
19-03-2025,84,7,33.58,23.19,215.4,66.5
20-03-2025,140,1,42.91,15.71,138.11,66.5
21-03-2025,57,4,29.95,16.18,131.89,66.5
22-03-2025,55,5,33.95,19.93,280.04,66.5
23-03-2025,199,5,20.37,24.77,217,66.5
24-03-2025,157,8,45.05,24.72,331.62,66.5
25-03-2025,165,5,21.12,17.8,383.49,66.5
26-03-2025,126,0,48.54,28.39,361.82,66.5
27-03-2025,124,8,25.43,22.71,453.26,66.5
28-03-2025,158,2,27.41,23.71,393.86,66.5
29-03-2025,176,7,29.68,26.84,257.73,66.5
30-03-2025,117,3,25.34,16.72,244.27,66.5
31-03-2025,104,5,33,22.86,124.15,66.5
01-04-2025,149,8,36,25.43,320.59,66.5
02-04-2025,87,9,16.89,18.07,371.4,66.5
03-04-2025,104,2,43.22,17.6,227.33,66.5
04-04-2025,146,2,36.44,29.04,438.56,66.5
05-04-2025,141,3,39.76,26.69,244.62,66.5
06-04-2025,65,4,47.6,15.4,242.9,66.5
07-04-2025,73,4,42.38,21.04,226.91,66.5
08-04-2025,98,2,34.68,17.75,137.65,66.5
09-04-2025,74,9,22.14,19.75,497.36,66.5
10-04-2025,139,2,33.88,19.31,293.42,66.5
11-04-2025,71,9,12.39,29.99,475.86,66.5
12-04-2025,129,,34.83,29.63,329.93,66.5
13-04-2025,98,2,27.28,16.34,447.39,66.5
14-04-2025,103,2,37.76,18.61,340.93,66.5
15-04-2025,113,,21.29,26.7,359.25,66.5
16-04-2025,95,5,34.77,24.5,480.29,66.5
17-04-2025,50,3,41.88,16.17,404.85,66.5
18-04-2025,158,0,14.15,15.75,171.29,66.5
19-04-2025,166,1,37.11,17.47,363.22,66.5
20-04-2025,174,7,48.81,21.5,235.69,66.5
21-04-2025,123,2,45.04,27.98,262.63,66.5
22-04-2025,180,8,15.78,20.58,447.46,66.5
23-04-2025,111,4,27.88,19.26,441.27,66.5
24-04-2025,59,9,19.56,19.5,241.31,66.5
25-04-2025,75,3,12.87,24.42,463,66.5
26-04-2025,71,,41.61,20.54,289.51,66.5
27-04-2025,80,,43.23,21.84,214.13,66.5
28-04-2025,121,5,36.22,21.12,117.54,66.5
29-04-2025,78,4,13.65,20.77,223.94,66.5
30-04-2025,168,2,13.09,17.47,406.61,66.5
01-05-2025,138,2,32.35,28.88,292.22,66.5
02-05-2025,86,6,46.08,17.04,186.15,66.5
03-05-2025,141,5,53,23.87,290.77,66.5
04-05-2025,188,0,35.25,15.89,463.6,66.5
05-05-2025,184,1,29.98,17.72,217.14,66.5
06-05-2025,161,3,20.28,19.91,374.93,66.5
07-05-2025,168,6,26.84,17.95,153.08,66.5
08-05-2025,169,2,28.11,20.76,449.31,66.5
09-05-2025,187,12,16.02,25.4,303.53,66.5
10-05-2025,140,0,17,24.71,214.04,66.5
11-05-2025,119,7,36.84,23.24,441.04,66.5
12-05-2025,184,9,15.09,19.55,156.79,66.5
13-05-2025,93,0,41.22,27.68,241.12,66.5
14-05-2025,195,5,43.9,27.88,167.58,66.5
15-05-2025,126,2,14.55,18.3,448.56,66.5
16-05-2025,190,4,47.76,29.52,275.16,66.5
17-05-2025,63,4,49.1,17.46,217.49,66.5
18-05-2025,171,8,12.15,18.88,442.38,66.5
19-05-2025,193,4,10.14,25.91,461.46,66.5
20-05-2025,67,0,47.92,25.84,138.8,66.5
21-05-2025,157,4,13.62,18.54,340.82,66.5
22-05-2025,143,7,20.76,22.78,322.05,66.5
23-05-2025,62,4,28.98,15.4,433.5,66.5
24-05-2025,87,,16.33,23.63,301.92,66.5
25-05-2025,98,8,26.62,28.87,136.88,66.5
26-05-2025,68,1,47.09,17.65,488.98,66.5
27-05-2025,121,2,45.49,15.22,319,66.5
28-05-2025,85,1,16.18,26.71,354.39,66.5
29-05-2025,185,6,47.77,29.16,120.79,66.5
30-05-2025,106,3,38.44,19.14,420.43,66.5
31-05-2025,147,,48.83,28.32,461.56,66.5
01-06-2025,55,1,17.08,21.83,215.94,66.5
02-06-2025,175,9,12.6,26.87,214.97,66.5
03-06-2025,52,,26.61,19.52,181.5,66.5
